substage,run_id,recipe,split,step,n_pairs,phase_train_n_pairs,accuracy,cross_entropy,random_accuracy,random_cross_entropy,grad_norm,lr,elapsed_sec,status
B0C.1,stage_b0c_b01_curriculum_v8_seed0,curriculum N_VALUES=8,train,1,1,"1,2",0.0,6.392670631408691,0.125,2.0794415416798357,6.7972515726571086,2e-06,0.35366344451904297,ok
B0C.1,stage_b0c_b01_curriculum_v8_seed0,curriculum N_VALUES=8,train,100,1,"1,2",1.0,0.016871996223926544,0.125,2.0794415416798357,0.10294853597003328,0.0002,2.842176914215088,ok
B0C.1,stage_b0c_b01_curriculum_v8_seed0,curriculum N_VALUES=8,train,200,2,"1,2",0.546875,0.6976622343063354,0.125,2.0794415416798357,1.4860505852109636,0.0004,5.4586732387542725,ok
B0C.1,stage_b0c_b01_curriculum_v8_seed0,curriculum N_VALUES=8,train,300,2,"1,2",0.5625,0.6985148191452026,0.125,2.0794415416798357,1.3870463193841824,0.0006,8.079040765762329,ok
B0C.1,stage_b0c_b01_curriculum_v8_seed0,curriculum N_VALUES=8,train,400,2,"1,2",0.51953125,0.7214492559432983,0.125,2.0794415416798357,0.9122895237111054,0.0008,10.672563314437866,ok
B0C.1,stage_b0c_b01_curriculum_v8_seed0,curriculum N_VALUES=8,train,500,2,"1,2",0.54296875,0.7103899717330933,0.125,2.0794415416798357,1.1517849469493173,0.001,13.212979555130005,ok
B0C.1,stage_b0c_b01_curriculum_v8_seed0,curriculum N_VALUES=8,train,600,2,"1,2",0.5546875,0.6270314455032349,0.125,2.0794415416798357,0.6987335221008442,0.001,15.811586856842041,ok
B0C.1,stage_b0c_b01_curriculum_v8_seed0,curriculum N_VALUES=8,train,700,1,"1,2",1.0,0.0011745633091777563,0.125,2.0794415416798357,0.008997575845921582,0.001,18.342893600463867,ok
B0C.1,stage_b0c_b01_curriculum_v8_seed0,curriculum N_VALUES=8,train,800,1,"1,2",1.0,0.0015086268540471792,0.125,2.0794415416798357,0.01505185719566855,0.001,20.869885683059692,ok
B0C.1,stage_b0c_b01_curriculum_v8_seed0,curriculum N_VALUES=8,train,900,1,"1,2",1.0,0.0008893049089238048,0.125,2.0794415416798357,0.006847763954673228,0.001,23.39910125732422,ok
B0C.1,stage_b0c_b01_curriculum_v8_seed0,curriculum N_VALUES=8,train,1000,2,"1,2",0.63671875,0.5858869552612305,0.125,2.0794415416798357,1.5000255174491683,0.001,25.92125129699707,ok
B0C.1,stage_b0c_b01_curriculum_v8_seed0,curriculum N_VALUES=8,eval,1000,1,"1,2",1.0,0.0007840872513042996,0.125,2.0794415416798357,,0.001,30.749745845794678,ok
B0C.1,stage_b0c_b01_curriculum_v8_seed0,curriculum N_VALUES=8,eval,1000,2,"1,2",0.661376953125,0.5552738709375262,0.125,2.0794415416798357,,0.001,30.749756813049316,ok
B0C.1,stage_b0c_b01_curriculum_v8_seed0,curriculum N_VALUES=8,eval,1000,4,"1,2",0.3419189453125,2.1511238738894463,0.125,2.0794415416798357,,0.001,30.749762535095215,ok
B0C.1,stage_b0c_b01_curriculum_v8_seed0,curriculum N_VALUES=8,eval,1000,8,"1,2",0.215087890625,2.6175986155867577,0.125,2.0794415416798357,,0.001,30.749767541885376,ok
B0C.1,stage_b0c_b01_curriculum_v8_seed0,curriculum N_VALUES=8,train,1100,1,"1,2",1.0,0.0005465991562232375,0.125,2.0794415416798357,0.0037698860411308622,0.001,33.422582387924194,ok
B0C.1,stage_b0c_b01_curriculum_v8_seed0,curriculum N_VALUES=8,train,1200,1,"1,2",1.0,0.0006189728155732155,0.125,2.0794415416798357,0.005111686645880659,0.001,35.973087549209595,ok
B0C.1,stage_b0c_b01_curriculum_v8_seed0,curriculum N_VALUES=8,train,1300,1,"1,2",1.0,0.000466774741653353,0.125,2.0794415416798357,0.0032942363033028766,0.001,38.51329302787781,ok
B0C.1,stage_b0c_b01_curriculum_v8_seed0,curriculum N_VALUES=8,train,1400,2,"1,2",0.6953125,0.8169184327125549,0.125,2.0794415416798357,22.093138712545365,0.001,41.08242678642273,ok
B0C.1,stage_b0c_b01_curriculum_v8_seed0,curriculum N_VALUES=8,train,1500,2,"1,2",0.81640625,0.46847212314605713,0.125,2.0794415416798357,41.22759276068342,0.001,43.64726185798645,ok
B0C.1,stage_b0c_b01_curriculum_v8_seed0,curriculum N_VALUES=8,train,1600,2,"1,2",0.92578125,0.2264806628227234,0.125,2.0794415416798357,0.9993264032054732,0.001,46.18412470817566,ok
B0C.1,stage_b0c_b01_curriculum_v8_seed0,curriculum N_VALUES=8,train,1700,1,"1,2",1.0,0.0003540860489010811,0.125,2.0794415416798357,0.00431661995027259,0.001,48.723352909088135,ok
B0C.1,stage_b0c_b01_curriculum_v8_seed0,curriculum N_VALUES=8,train,1800,2,"1,2",0.9765625,0.09766465425491333,0.125,2.0794415416798357,3.7234952942152497,0.001,51.29497265815735,ok
B0C.1,stage_b0c_b01_curriculum_v8_seed0,curriculum N_VALUES=8,train,1900,2,"1,2",0.8359375,0.31340470910072327,0.125,2.0794415416798357,11.756996831599238,0.001,53.82817029953003,ok
B0C.1,stage_b0c_b01_curriculum_v8_seed0,curriculum N_VALUES=8,train,2000,1,"1,2",1.0,0.00022421304311137646,0.125,2.0794415416798357,0.001628403968601702,0.001,56.356841802597046,ok
B0C.1,stage_b0c_b01_curriculum_v8_seed0,curriculum N_VALUES=8,eval,2000,1,"1,2",1.0,0.0002204488660026982,0.125,2.0794415416798357,,0.001,61.14051866531372,ok
B0C.1,stage_b0c_b01_curriculum_v8_seed0,curriculum N_VALUES=8,eval,2000,2,"1,2",0.7816162109375,0.600442142225802,0.125,2.0794415416798357,,0.001,61.1405291557312,ok
B0C.1,stage_b0c_b01_curriculum_v8_seed0,curriculum N_VALUES=8,eval,2000,4,"1,2",0.3416748046875,3.587351970374584,0.125,2.0794415416798357,,0.001,61.140533208847046,ok
B0C.1,stage_b0c_b01_curriculum_v8_seed0,curriculum N_VALUES=8,eval,2000,8,"1,2",0.22509765625,4.166136488318443,0.125,2.0794415416798357,,0.001,61.14053773880005,ok
B0C.1,stage_b0c_b01_curriculum_v8_seed0,curriculum N_VALUES=8,train,2100,1,"1,2",1.0,0.00010459474287927151,0.125,2.0794415416798357,0.0007462009087339174,0.001,63.75469660758972,ok
B0C.1,stage_b0c_b01_curriculum_v8_seed0,curriculum N_VALUES=8,train,2200,2,"1,2",0.8203125,0.7251119613647461,0.125,2.0794415416798357,71.3803188852158,0.001,66.32864713668823,ok
B0C.1,stage_b0c_b01_curriculum_v8_seed0,curriculum N_VALUES=8,train,2300,2,"1,2",0.9140625,0.2215387523174286,0.125,2.0794415416798357,2.5258999631533987,0.001,68.87913703918457,ok
B0C.1,stage_b0c_b01_curriculum_v8_seed0,curriculum N_VALUES=8,train,2400,2,"1,2",0.734375,1.1669254302978516,0.125,2.0794415416798357,5.341043124349267,0.001,71.50890016555786,ok
B0C.1,stage_b0c_b01_curriculum_v8_seed0,curriculum N_VALUES=8,train,2500,1,"1,2",1.0,0.0002580010623205453,0.125,2.0794415416798357,0.0022923564519633974,0.001,74.02787590026855,ok
B0C.1,stage_b0c_b01_curriculum_v8_seed0,curriculum N_VALUES=8,train,2600,2,"1,2",0.96875,0.08412258327007294,0.125,2.0794415416798357,3.7683835033483617,0.001,76.5487310886383,ok
B0C.1,stage_b0c_b01_curriculum_v8_seed0,curriculum N_VALUES=8,train,2700,1,"1,2",1.0,8.118439291138202e-05,0.125,2.0794415416798357,0.0007177512632903229,0.001,79.08408904075623,ok
B0C.1,stage_b0c_b01_curriculum_v8_seed0,curriculum N_VALUES=8,train,2800,2,"1,2",0.98828125,0.03415127843618393,0.125,2.0794415416798357,5.971498343944475,0.001,81.6210629940033,ok
B0C.1,stage_b0c_b01_curriculum_v8_seed0,curriculum N_VALUES=8,train,2900,2,"1,2",0.99609375,0.013562865555286407,0.125,2.0794415416798357,0.5704894952336595,0.001,84.14386510848999,ok
B0C.1,stage_b0c_b01_curriculum_v8_seed0,curriculum N_VALUES=8,train,3000,2,"1,2",0.99609375,0.013226416893303394,0.125,2.0794415416798357,1.2205557848311894,0.001,86.70674681663513,ok
B0C.1,stage_b0c_b01_curriculum_v8_seed0,curriculum N_VALUES=8,eval,3000,1,"1,2",1.0,2.2704352204527822e-05,0.125,2.0794415416798357,,0.001,91.47617030143738,ok
B0C.1,stage_b0c_b01_curriculum_v8_seed0,curriculum N_VALUES=8,eval,3000,2,"1,2",0.996337890625,0.015013161126262276,0.125,2.0794415416798357,,0.001,91.47617864608765,ok
B0C.1,stage_b0c_b01_curriculum_v8_seed0,curriculum N_VALUES=8,eval,3000,4,"1,2",0.3468017578125,6.442114055156708,0.125,2.0794415416798357,,0.001,91.47618365287781,ok
B0C.1,stage_b0c_b01_curriculum_v8_seed0,curriculum N_VALUES=8,eval,3000,8,"1,2",0.2310791015625,7.429865464568138,0.125,2.0794415416798357,,0.001,91.47618699073792,ok
B0C.1,stage_b0c_b01_curriculum_v8_seed0,curriculum N_VALUES=8,train,3100,2,"1,2",0.99609375,0.03627035766839981,0.125,2.0794415416798357,1.23843298768589,0.001,94.12791681289673,ok
B0C.1,stage_b0c_b01_curriculum_v8_seed0,curriculum N_VALUES=8,train,3200,1,"1,2",1.0,3.3830343454610556e-05,0.125,2.0794415416798357,0.0003448126710433274,0.001,96.64679408073425,ok
B0C.1,stage_b0c_b01_curriculum_v8_seed0,curriculum N_VALUES=8,train,3300,1,"1,2",1.0,7.663391443202272e-05,0.125,2.0794415416798357,0.0011826612184997678,0.001,99.20471143722534,ok
B0C.1,stage_b0c_b01_curriculum_v8_seed0,curriculum N_VALUES=8,train,3400,1,"1,2",1.0,7.821174222044647e-05,0.125,2.0794415416798357,0.0016870888772725784,0.001,101.76034665107727,ok
B0C.1,stage_b0c_b01_curriculum_v8_seed0,curriculum N_VALUES=8,train,3500,2,"1,2",1.0,0.0004057095793541521,0.125,2.0794415416798357,0.010419168768437468,0.001,104.31766414642334,ok
B0C.1,stage_b0c_b01_curriculum_v8_seed0,curriculum N_VALUES=8,train,3600,2,"1,2",0.99609375,0.011817405000329018,0.125,2.0794415416798357,1.2001215231834386,0.001,106.94220328330994,ok
B0C.1,stage_b0c_b01_curriculum_v8_seed0,curriculum N_VALUES=8,train,3700,2,"1,2",0.9921875,0.0516854003071785,0.125,2.0794415416798357,1.3413939806357282,0.001,109.30449199676514,ok
B0C.1,stage_b0c_b01_curriculum_v8_seed0,curriculum N_VALUES=8,train,3800,2,"1,2",1.0,0.0006449916400015354,0.125,2.0794415416798357,0.05795547004974019,0.001,111.94668674468994,ok
B0C.1,stage_b0c_b01_curriculum_v8_seed0,curriculum N_VALUES=8,train,3900,1,"1,2",1.0,2.997189585585147e-05,0.125,2.0794415416798357,0.0008290823436224575,0.001,114.7297351360321,ok
B0C.1,stage_b0c_b01_curriculum_v8_seed0,curriculum N_VALUES=8,train,4000,2,"1,2",0.9921875,0.053244564682245255,0.125,2.0794415416798357,0.626226719531921,0.001,117.52144646644592,ok
B0C.1,stage_b0c_b01_curriculum_v8_seed0,curriculum N_VALUES=8,eval,4000,1,"1,2",1.0,3.843997046715231e-05,0.125,2.0794415416798357,,0.001,123.24626755714417,ok
B0C.1,stage_b0c_b01_curriculum_v8_seed0,curriculum N_VALUES=8,eval,4000,2,"1,2",0.9990234375,0.005286623943447921,0.125,2.0794415416798357,,0.001,123.24628043174744,ok
B0C.1,stage_b0c_b01_curriculum_v8_seed0,curriculum N_VALUES=8,eval,4000,4,"1,2",0.3428955078125,7.344847127795219,0.125,2.0794415416798357,,0.001,123.24628329277039,ok
B0C.1,stage_b0c_b01_curriculum_v8_seed0,curriculum N_VALUES=8,eval,4000,8,"1,2",0.2252197265625,8.146946027874947,0.125,2.0794415416798357,,0.001,123.24628639221191,ok
B0C.1,stage_b0c_b01_curriculum_v8_seed0,curriculum N_VALUES=8,train,4100,1,"1,2",1.0,3.7471203540917486e-05,0.125,2.0794415416798357,0.000861019193770165,0.001,125.93012690544128,ok
B0C.1,stage_b0c_b01_curriculum_v8_seed0,curriculum N_VALUES=8,train,4200,1,"1,2",1.0,1.2405029337969609e-05,0.125,2.0794415416798357,0.00016505469332785694,0.001,128.63247632980347,ok
B0C.1,stage_b0c_b01_curriculum_v8_seed0,curriculum N_VALUES=8,train,4300,2,"1,2",0.99609375,0.04747721552848816,0.125,2.0794415416798357,0.2583548971210537,0.001,131.27106285095215,ok
B0C.1,stage_b0c_b01_curriculum_v8_seed0,curriculum N_VALUES=8,train,4400,1,"1,2",1.0,0.0001275036484003067,0.125,2.0794415416798357,0.006552410624965256,0.001,133.87728881835938,ok
B0C.1,stage_b0c_b01_curriculum_v8_seed0,curriculum N_VALUES=8,train,4500,2,"1,2",0.99609375,0.03327711299061775,0.125,2.0794415416798357,0.755662428565966,0.001,136.51617217063904,ok
B0C.1,stage_b0c_b01_curriculum_v8_seed0,curriculum N_VALUES=8,train,4600,2,"1,2",1.0,0.00024202099302783608,0.125,2.0794415416798357,0.04565992559322505,0.001,139.09558486938477,ok
B0C.1,stage_b0c_b01_curriculum_v8_seed0,curriculum N_VALUES=8,train,4700,1,"1,2",1.0,5.832113674841821e-05,0.125,2.0794415416798357,0.0012925587362484503,0.001,141.7056701183319,ok
B0C.1,stage_b0c_b01_curriculum_v8_seed0,curriculum N_VALUES=8,train,4800,1,"1,2",1.0,6.726827450620476e-06,0.125,2.0794415416798357,0.0002794663238635305,0.001,144.34166955947876,ok
B0C.1,stage_b0c_b01_curriculum_v8_seed0,curriculum N_VALUES=8,train,4900,2,"1,2",1.0,0.0005145849427208304,0.125,2.0794415416798357,0.015844728525476862,0.001,146.87940216064453,ok
B0C.1,stage_b0c_b01_curriculum_v8_seed0,curriculum N_VALUES=8,train,5000,1,"1,2",1.0,1.1615301445999648e-05,0.125,2.0794415416798357,0.00046297292511726505,0.001,149.27060651779175,ok
B0C.1,stage_b0c_b01_curriculum_v8_seed0,curriculum N_VALUES=8,eval,5000,1,"1,2",1.0,4.519021976534532e-05,0.125,2.0794415416798357,,0.001,154.05819368362427,ok
B0C.1,stage_b0c_b01_curriculum_v8_seed0,curriculum N_VALUES=8,eval,5000,2,"1,2",1.0,0.0003641691523625923,0.125,2.0794415416798357,,0.001,154.0582025051117,ok
B0C.1,stage_b0c_b01_curriculum_v8_seed0,curriculum N_VALUES=8,eval,5000,4,"1,2",0.3505859375,7.85181188583374,0.125,2.0794415416798357,,0.001,154.05820631980896,ok
B0C.1,stage_b0c_b01_curriculum_v8_seed0,curriculum N_VALUES=8,eval,5000,8,"1,2",0.2352294921875,8.781001955270767,0.125,2.0794415416798357,,0.001,154.0582094192505,ok
B0C.1,stage_b0c_b01_curriculum_v8_seed0,curriculum N_VALUES=8,train,5100,2,"1,2,4",0.99609375,0.03886435553431511,0.125,2.0794415416798357,0.3432667226401932,0.001,156.9297502040863,ok
B0C.1,stage_b0c_b01_curriculum_v8_seed0,curriculum N_VALUES=8,train,5200,1,"1,2,4",1.0,4.8201469326158985e-05,0.125,2.0794415416798357,0.00037844343989084544,0.001,159.56692147254944,ok
B0C.1,stage_b0c_b01_curriculum_v8_seed0,curriculum N_VALUES=8,train,5300,4,"1,2,4",0.3203125,1.4738070964813232,0.125,2.0794415416798357,2.053615032549126,0.001,162.1953468322754,ok
B0C.1,stage_b0c_b01_curriculum_v8_seed0,curriculum N_VALUES=8,train,5400,2,"1,2,4",0.99609375,0.012584444135427475,0.125,2.0794415416798357,0.13822905205224306,0.001,164.8502857685089,ok
B0C.1,stage_b0c_b01_curriculum_v8_seed0,curriculum N_VALUES=8,train,5500,2,"1,2,4",0.9921875,0.010050663724541664,0.125,2.0794415416798357,0.1487387958384377,0.001,167.47817707061768,ok
B0C.1,stage_b0c_b01_curriculum_v8_seed0,curriculum N_VALUES=8,train,5600,2,"1,2,4",1.0,0.00035710184602066875,0.125,2.0794415416798357,0.002589158659260116,0.001,170.0709686279297,ok
B0C.1,stage_b0c_b01_curriculum_v8_seed0,curriculum N_VALUES=8,train,5700,2,"1,2,4",0.9921875,0.022012650966644287,0.125,2.0794415416798357,1.0771080121760253,0.001,172.67626762390137,ok
B0C.1,stage_b0c_b01_curriculum_v8_seed0,curriculum N_VALUES=8,train,5800,2,"1,2,4",0.9921875,0.042436327785253525,0.125,2.0794415416798357,0.4968806191846007,0.001,175.27568006515503,ok
B0C.1,stage_b0c_b01_curriculum_v8_seed0,curriculum N_VALUES=8,train,5900,4,"1,2,4",0.359375,1.26319420337677,0.125,2.0794415416798357,1.142763309946169,0.001,177.87961840629578,ok
B0C.1,stage_b0c_b01_curriculum_v8_seed0,curriculum N_VALUES=8,train,6000,1,"1,2,4",1.0,9.336126822745427e-05,0.125,2.0794415416798357,0.002579218839707072,0.001,180.5408000946045,ok
B0C.1,stage_b0c_b01_curriculum_v8_seed0,curriculum N_VALUES=8,eval,6000,1,"1,2,4",1.0,9.691631476016482e-05,0.125,2.0794415416798357,,0.001,185.42468547821045,ok
B0C.1,stage_b0c_b01_curriculum_v8_seed0,curriculum N_VALUES=8,eval,6000,2,"1,2,4",0.9998779296875,0.002065234783003689,0.125,2.0794415416798357,,0.001,185.42469549179077,ok
B0C.1,stage_b0c_b01_curriculum_v8_seed0,curriculum N_VALUES=8,eval,6000,4,"1,2,4",0.371826171875,1.2193847186863422,0.125,2.0794415416798357,,0.001,185.42470121383667,ok
B0C.1,stage_b0c_b01_curriculum_v8_seed0,curriculum N_VALUES=8,eval,6000,8,"1,2,4",0.2430419921875,2.0277889743447304,0.125,2.0794415416798357,,0.001,185.42470479011536,ok
B0C.1,stage_b0c_b01_curriculum_v8_seed0,curriculum N_VALUES=8,train,6100,1,"1,2,4",1.0,4.5128643250791356e-05,0.125,2.0794415416798357,0.0003526869757997445,0.001,188.28781461715698,ok
B0C.1,stage_b0c_b01_curriculum_v8_seed0,curriculum N_VALUES=8,train,6200,2,"1,2,4",1.0,0.001961313420906663,0.125,2.0794415416798357,0.0915537799149411,0.001,190.92449569702148,ok
B0C.1,stage_b0c_b01_curriculum_v8_seed0,curriculum N_VALUES=8,train,6300,1,"1,2,4",1.0,9.763872367329895e-05,0.125,2.0794415416798357,0.0009591677629065691,0.001,193.55006408691406,ok
B0C.1,stage_b0c_b01_curriculum_v8_seed0,curriculum N_VALUES=8,train,6400,1,"1,2,4",1.0,9.756317012943327e-05,0.125,2.0794415416798357,0.0021850392456509164,0.001,196.2181088924408,ok
B0C.1,stage_b0c_b01_curriculum_v8_seed0,curriculum N_VALUES=8,train,6500,1,"1,2,4",1.0,0.00014210205699782819,0.125,2.0794415416798357,0.001994979551619883,0.001,198.82937836647034,ok
B0C.1,stage_b0c_b01_curriculum_v8_seed0,curriculum N_VALUES=8,train,6600,2,"1,2,4",0.99609375,0.007781663443893194,0.125,2.0794415416798357,0.43556189642359966,0.001,201.42561531066895,ok
B0C.1,stage_b0c_b01_curriculum_v8_seed0,curriculum N_VALUES=8,train,6700,1,"1,2,4",1.0,6.693588511552662e-05,0.125,2.0794415416798357,0.0006088249460442788,0.001,204.0937111377716,ok
B0C.1,stage_b0c_b01_curriculum_v8_seed0,curriculum N_VALUES=8,train,6800,4,"1,2,4",0.4296875,1.1714677810668945,0.125,2.0794415416798357,0.6991976039553927,0.001,206.72889518737793,ok
B0C.1,stage_b0c_b01_curriculum_v8_seed0,curriculum N_VALUES=8,train,6900,2,"1,2,4",1.0,0.0007923270459286869,0.125,2.0794415416798357,0.007932486378712229,0.001,209.32170581817627,ok
B0C.1,stage_b0c_b01_curriculum_v8_seed0,curriculum N_VALUES=8,train,7000,2,"1,2,4",1.0,0.00034323197905905545,0.125,2.0794415416798357,0.0052237350211908114,0.001,212.0065085887909,ok
B0C.1,stage_b0c_b01_curriculum_v8_seed0,curriculum N_VALUES=8,eval,7000,1,"1,2,4",1.0,2.199296477556345e-05,0.125,2.0794415416798357,,0.001,218.2326159477234,ok
B0C.1,stage_b0c_b01_curriculum_v8_seed0,curriculum N_VALUES=8,eval,7000,2,"1,2,4",0.9990234375,0.004330011163801828,0.125,2.0794415416798357,,0.001,218.23262643814087,ok
B0C.1,stage_b0c_b01_curriculum_v8_seed0,curriculum N_VALUES=8,eval,7000,4,"1,2,4",0.37548828125,1.1994875743985176,0.125,2.0794415416798357,,0.001,218.23263096809387,ok
B0C.1,stage_b0c_b01_curriculum_v8_seed0,curriculum N_VALUES=8,eval,7000,8,"1,2,4",0.2559814453125,1.909189347177744,0.125,2.0794415416798357,,0.001,218.2326340675354,ok
B0C.1,stage_b0c_b01_curriculum_v8_seed0,curriculum N_VALUES=8,train,7100,1,"1,2,4",1.0,5.6160737585742027e-05,0.125,2.0794415416798357,0.0006091472596612395,0.001,221.05818700790405,ok
B0C.1,stage_b0c_b01_curriculum_v8_seed0,curriculum N_VALUES=8,train,7200,2,"1,2,4",0.99609375,0.010433797724545002,0.125,2.0794415416798357,1.5120870006979705,0.001,223.63889336585999,ok
B0C.1,stage_b0c_b01_curriculum_v8_seed0,curriculum N_VALUES=8,train,7300,1,"1,2,4",1.0,1.6251427950919606e-05,0.125,2.0794415416798357,0.00010589170409424327,0.001,226.32170701026917,ok
B0C.1,stage_b0c_b01_curriculum_v8_seed0,curriculum N_VALUES=8,train,7400,4,"1,2,4",0.41015625,1.1603832244873047,0.125,2.0794415416798357,0.9783452712403077,0.001,228.9778094291687,ok
B0C.1,stage_b0c_b01_curriculum_v8_seed0,curriculum N_VALUES=8,train,7500,1,"1,2,4",1.0,2.1736144844908267e-05,0.125,2.0794415416798357,0.00022017646278061351,0.001,231.59067702293396,ok
B0C.1,stage_b0c_b01_curriculum_v8_seed0,curriculum N_VALUES=8,train,7600,1,"1,2,4",1.0,1.841702760430053e-05,0.125,2.0794415416798357,0.0001663754864673243,0.001,234.20251727104187,ok
B0C.1,stage_b0c_b01_curriculum_v8_seed0,curriculum N_VALUES=8,train,7700,4,"1,2,4",0.3828125,1.207639217376709,0.125,2.0794415416798357,1.2741963866971713,0.001,236.82417345046997,ok
B0C.1,stage_b0c_b01_curriculum_v8_seed0,curriculum N_VALUES=8,train,7800,1,"1,2,4",1.0,3.303588164271787e-05,0.125,2.0794415416798357,0.00033818695685896004,0.001,239.38856673240662,ok
B0C.1,stage_b0c_b01_curriculum_v8_seed0,curriculum N_VALUES=8,train,7900,4,"1,2,4",0.3984375,1.2009528875350952,0.125,2.0794415416798357,1.0226667076657963,0.001,242.05876970291138,ok
B0C.1,stage_b0c_b01_curriculum_v8_seed0,curriculum N_VALUES=8,train,8000,4,"1,2,4",0.3828125,1.2088968753814697,0.125,2.0794415416798357,0.7710971520562235,0.001,244.7376046180725,ok
B0C.1,stage_b0c_b01_curriculum_v8_seed0,curriculum N_VALUES=8,eval,8000,1,"1,2,4",1.0,2.3358352962077333e-05,0.125,2.0794415416798357,,0.001,250.94843769073486,ok
B0C.1,stage_b0c_b01_curriculum_v8_seed0,curriculum N_VALUES=8,eval,8000,2,"1,2,4",0.9989013671875,0.00526376822608654,0.125,2.0794415416798357,,0.001,250.94844794273376,ok
B0C.1,stage_b0c_b01_curriculum_v8_seed0,curriculum N_VALUES=8,eval,8000,4,"1,2,4",0.3892822265625,1.181949071586132,0.125,2.0794415416798357,,0.001,250.94845461845398,ok
B0C.1,stage_b0c_b01_curriculum_v8_seed0,curriculum N_VALUES=8,eval,8000,8,"1,2,4",0.255859375,1.8462969325482845,0.125,2.0794415416798357,,0.001,250.94845843315125,ok
B0C.1,stage_b0c_b01_curriculum_v8_seed0,curriculum N_VALUES=8,train,8100,4,"1,2,4",0.3671875,1.1896867752075195,0.125,2.0794415416798357,1.0439141764305577,0.001,253.87273573875427,ok
B0C.1,stage_b0c_b01_curriculum_v8_seed0,curriculum N_VALUES=8,train,8200,4,"1,2,4",0.39453125,1.1814024448394775,0.125,2.0794415416798357,1.074992349769949,0.001,256.48767495155334,ok
B0C.1,stage_b0c_b01_curriculum_v8_seed0,curriculum N_VALUES=8,train,8300,1,"1,2,4",1.0,2.4741942979744636e-05,0.125,2.0794415416798357,0.00022332120295275162,0.001,259.07883858680725,ok
B0C.1,stage_b0c_b01_curriculum_v8_seed0,curriculum N_VALUES=8,train,8400,1,"1,2,4",1.0,4.2268598917871714e-05,0.125,2.0794415416798357,0.00042931059190179144,0.001,261.68568325042725,ok
B0C.1,stage_b0c_b01_curriculum_v8_seed0,curriculum N_VALUES=8,train,8500,2,"1,2,4",1.0,0.00014242366887629032,0.125,2.0794415416798357,0.0011200807685039517,0.001,264.37801456451416,ok
B0C.1,stage_b0c_b01_curriculum_v8_seed0,curriculum N_VALUES=8,train,8600,4,"1,2,4",0.37109375,1.1975288391113281,0.125,2.0794415416798357,1.160412041972312,0.001,267.0055730342865,ok
B0C.1,stage_b0c_b01_curriculum_v8_seed0,curriculum N_VALUES=8,train,8700,2,"1,2,4",1.0,0.0005585571634583175,0.125,2.0794415416798357,0.008524906434895754,0.001,269.6902892589569,ok
B0C.1,stage_b0c_b01_curriculum_v8_seed0,curriculum N_VALUES=8,train,8800,2,"1,2,4",1.0,0.00012730502930935472,0.125,2.0794415416798357,0.0008056887069365771,0.001,272.40869426727295,ok
B0C.1,stage_b0c_b01_curriculum_v8_seed0,curriculum N_VALUES=8,train,8900,2,"1,2,4",1.0,0.00010343139729229733,0.125,2.0794415416798357,0.0007215026086461209,0.001,275.04194736480713,ok
B0C.1,stage_b0c_b01_curriculum_v8_seed0,curriculum N_VALUES=8,train,9000,4,"1,2,4",0.4140625,1.1335560083389282,0.125,2.0794415416798357,0.9452167109431906,0.001,277.7288999557495,ok
B0C.1,stage_b0c_b01_curriculum_v8_seed0,curriculum N_VALUES=8,eval,9000,1,"1,2,4",1.0,9.011558660176888e-06,0.125,2.0794415416798357,,0.001,283.94891452789307,ok
B0C.1,stage_b0c_b01_curriculum_v8_seed0,curriculum N_VALUES=8,eval,9000,2,"1,2,4",0.998046875,0.011473288183879049,0.125,2.0794415416798357,,0.001,283.94892406463623,ok
B0C.1,stage_b0c_b01_curriculum_v8_seed0,curriculum N_VALUES=8,eval,9000,4,"1,2,4",0.4046630859375,1.1620888225734234,0.125,2.0794415416798357,,0.001,283.9489302635193,ok
B0C.1,stage_b0c_b01_curriculum_v8_seed0,curriculum N_VALUES=8,eval,9000,8,"1,2,4",0.263427734375,1.8926512375473976,0.125,2.0794415416798357,,0.001,283.9489347934723,ok
B0C.1,stage_b0c_b01_curriculum_v8_seed0,curriculum N_VALUES=8,train,9100,4,"1,2,4",0.47265625,1.1296494007110596,0.125,2.0794415416798357,0.8379528766888017,0.001,286.799156665802,ok
B0C.1,stage_b0c_b01_curriculum_v8_seed0,curriculum N_VALUES=8,train,9200,1,"1,2,4",1.0,1.4514969734591432e-05,0.125,2.0794415416798357,0.00010500914815227246,0.001,289.4463210105896,ok
B0C.1,stage_b0c_b01_curriculum_v8_seed0,curriculum N_VALUES=8,train,9300,2,"1,2,4",1.0,9.833177318796515e-05,0.125,2.0794415416798357,0.0036847729164860986,0.001,292.1115791797638,ok
B0C.1,stage_b0c_b01_curriculum_v8_seed0,curriculum N_VALUES=8,train,9400,1,"1,2,4",1.0,1.5587766029057093e-05,0.125,2.0794415416798357,0.00011855661631966091,0.001,294.775456905365,ok
B0C.1,stage_b0c_b01_curriculum_v8_seed0,curriculum N_VALUES=8,train,9500,1,"1,2,4",1.0,8.337148756254464e-06,0.125,2.0794415416798357,6.165195379828253e-05,0.001,297.4765486717224,ok
B0C.1,stage_b0c_b01_curriculum_v8_seed0,curriculum N_VALUES=8,train,9600,2,"1,2,4",1.0,0.0005650374223478138,0.125,2.0794415416798357,0.06524736489727061,0.001,300.15533232688904,ok
B0C.1,stage_b0c_b01_curriculum_v8_seed0,curriculum N_VALUES=8,train,9700,1,"1,2,4",1.0,8.845650881994516e-06,0.125,2.0794415416798357,5.8681168575028254e-05,0.001,302.92365527153015,ok
B0C.1,stage_b0c_b01_curriculum_v8_seed0,curriculum N_VALUES=8,train,9800,1,"1,2,4",1.0,1.0210334039584268e-05,0.125,2.0794415416798357,9.653200221539385e-05,0.001,305.5738093852997,ok
B0C.1,stage_b0c_b01_curriculum_v8_seed0,curriculum N_VALUES=8,train,9900,2,"1,2,4",1.0,0.00017128082981798798,0.125,2.0794415416798357,0.0014053639067006744,0.001,308.2750060558319,ok
B0C.1,stage_b0c_b01_curriculum_v8_seed0,curriculum N_VALUES=8,train,10000,4,"1,2,4",0.3984375,1.1466172933578491,0.125,2.0794415416798357,0.7022515438863599,0.001,310.97026443481445,ok
B0C.1,stage_b0c_b01_curriculum_v8_seed0,curriculum N_VALUES=8,eval,10000,1,"1,2,4",1.0,1.894977111760454e-05,0.125,2.0794415416798357,,0.001,317.17935061454773,ok
B0C.1,stage_b0c_b01_curriculum_v8_seed0,curriculum N_VALUES=8,eval,10000,2,"1,2,4",0.9996337890625,0.002743110768051338,0.125,2.0794415416798357,,0.001,317.17936062812805,ok
B0C.1,stage_b0c_b01_curriculum_v8_seed0,curriculum N_VALUES=8,eval,10000,4,"1,2,4",0.4029541015625,1.1567146368324757,0.125,2.0794415416798357,,0.001,317.1793704032898,ok
B0C.1,stage_b0c_b01_curriculum_v8_seed0,curriculum N_VALUES=8,eval,10000,8,"1,2,4",0.263671875,2.092025801539421,0.125,2.0794415416798357,,0.001,317.1793751716614,ok
B0C.1,stage_b0c_b01_curriculum_v8_seed0,curriculum N_VALUES=8,train,10100,2,"1,2,4,8",1.0,0.0002391617017565295,0.125,2.0794415416798357,0.0023361108707415975,0.001,320.03035736083984,ok
B0C.1,stage_b0c_b01_curriculum_v8_seed0,curriculum N_VALUES=8,train,10200,1,"1,2,4,8",1.0,1.2334794519119896e-05,0.125,2.0794415416798357,8.196548857999339e-05,0.001,322.71146988868713,ok
B0C.1,stage_b0c_b01_curriculum_v8_seed0,curriculum N_VALUES=8,train,10300,2,"1,2,4,8",1.0,0.0004813960986211896,0.125,2.0794415416798357,0.0038393465228142437,0.001,325.40979266166687,ok
B0C.1,stage_b0c_b01_curriculum_v8_seed0,curriculum N_VALUES=8,train,10400,2,"1,2,4,8",0.99609375,0.004469219595193863,0.125,2.0794415416798357,1.3374962754699777,0.001,328.147812128067,ok
B0C.1,stage_b0c_b01_curriculum_v8_seed0,curriculum N_VALUES=8,train,10500,8,"1,2,4,8",0.28125,1.6783113479614258,0.125,2.0794415416798357,0.9336883042208425,0.001,330.83710408210754,ok
B0C.1,stage_b0c_b01_curriculum_v8_seed0,curriculum N_VALUES=8,train,10600,8,"1,2,4,8",0.3046875,1.614389181137085,0.125,2.0794415416798357,0.7755501327947787,0.001,333.5439672470093,ok
B0C.1,stage_b0c_b01_curriculum_v8_seed0,curriculum N_VALUES=8,train,10700,2,"1,2,4,8",1.0,0.0016968983691185713,0.125,2.0794415416798357,3.1914779203906964,0.001,336.18473410606384,ok
B0C.1,stage_b0c_b01_curriculum_v8_seed0,curriculum N_VALUES=8,train,10800,2,"1,2,4,8",1.0,0.00017799096531234682,0.125,2.0794415416798357,0.0014623718535174818,0.001,338.8526268005371,ok
B0C.1,stage_b0c_b01_curriculum_v8_seed0,curriculum N_VALUES=8,train,10900,2,"1,2,4,8",1.0,0.001164679299108684,0.125,2.0794415416798357,0.022191148260689242,0.001,341.56315088272095,ok
B0C.1,stage_b0c_b01_curriculum_v8_seed0,curriculum N_VALUES=8,train,11000,2,"1,2,4,8",0.99609375,0.018458109349012375,0.125,2.0794415416798357,0.13477369412349252,0.001,344.247926235199,ok
B0C.1,stage_b0c_b01_curriculum_v8_seed0,curriculum N_VALUES=8,eval,11000,1,"1,2,4,8",1.0,2.8774440011147817e-05,0.125,2.0794415416798357,,0.001,348.9806663990021,ok
B0C.1,stage_b0c_b01_curriculum_v8_seed0,curriculum N_VALUES=8,eval,11000,2,"1,2,4,8",0.99951171875,0.00431530891728471,0.125,2.0794415416798357,,0.001,348.9806716442108,ok
B0C.1,stage_b0c_b01_curriculum_v8_seed0,curriculum N_VALUES=8,eval,11000,4,"1,2,4,8",0.3980712890625,1.1782698780298233,0.125,2.0794415416798357,,0.001,348.9806740283966,ok
B0C.1,stage_b0c_b01_curriculum_v8_seed0,curriculum N_VALUES=8,eval,11000,8,"1,2,4,8",0.2694091796875,1.6462184563279152,0.125,2.0794415416798357,,0.001,348.9806776046753,ok
B0C.1,stage_b0c_b01_curriculum_v8_seed0,curriculum N_VALUES=8,train,11100,1,"1,2,4,8",1.0,5.2228733693482354e-05,0.125,2.0794415416798357,0.0006763670468483406,0.001,351.7923574447632,ok
B0C.1,stage_b0c_b01_curriculum_v8_seed0,curriculum N_VALUES=8,train,11200,2,"1,2,4,8",1.0,0.0003654960892163217,0.125,2.0794415416798357,0.0077635199139704444,0.001,354.44773602485657,ok
B0C.1,stage_b0c_b01_curriculum_v8_seed0,curriculum N_VALUES=8,train,11300,2,"1,2,4,8",1.0,0.00020250330271665007,0.125,2.0794415416798357,0.002350779154401601,0.001,357.11491537094116,ok
B0C.1,stage_b0c_b01_curriculum_v8_seed0,curriculum N_VALUES=8,train,11400,8,"1,2,4,8",0.26953125,1.633880376815796,0.125,2.0794415416798357,0.7159874166719783,0.001,359.8187983036041,ok
B0C.1,stage_b0c_b01_curriculum_v8_seed0,curriculum N_VALUES=8,train,11500,4,"1,2,4,8",0.33203125,1.2237560749053955,0.125,2.0794415416798357,0.9132773222507897,0.001,362.3396451473236,ok
B0C.1,stage_b0c_b01_curriculum_v8_seed0,curriculum N_VALUES=8,train,11600,1,"1,2,4,8",1.0,0.00017150165513157845,0.125,2.0794415416798357,0.002199980656535412,0.001,364.7274212837219,ok
B0C.1,stage_b0c_b01_curriculum_v8_seed0,curriculum N_VALUES=8,train,11700,2,"1,2,4,8",1.0,0.004454355221241713,0.125,2.0794415416798357,0.04371045131604664,0.001,367.04205226898193,ok
B0C.1,stage_b0c_b01_curriculum_v8_seed0,curriculum N_VALUES=8,train,11800,2,"1,2,4,8",1.0,0.00016722630243748426,0.125,2.0794415416798357,0.015624492711290605,0.001,369.52502179145813,ok
B0C.1,stage_b0c_b01_curriculum_v8_seed0,curriculum N_VALUES=8,train,11900,2,"1,2,4,8",0.99609375,0.03203593194484711,0.125,2.0794415416798357,1.335043152000134,0.001,372.21152997016907,ok
B0C.1,stage_b0c_b01_curriculum_v8_seed0,curriculum N_VALUES=8,train,12000,8,"1,2,4,8",0.2734375,1.658470869064331,0.125,2.0794415416798357,0.842898590871397,0.001,374.904976606369,ok
B0C.1,stage_b0c_b01_curriculum_v8_seed0,curriculum N_VALUES=8,eval,12000,1,"1,2,4,8",1.0,1.1693621416952737e-05,0.125,2.0794415416798357,,0.001,379.6956732273102,ok
B0C.1,stage_b0c_b01_curriculum_v8_seed0,curriculum N_VALUES=8,eval,12000,2,"1,2,4,8",0.9996337890625,0.0014476388721504918,0.125,2.0794415416798357,,0.001,379.6956810951233,ok
B0C.1,stage_b0c_b01_curriculum_v8_seed0,curriculum N_VALUES=8,eval,12000,4,"1,2,4,8",0.404296875,1.1513699404895306,0.125,2.0794415416798357,,0.001,379.6956889629364,ok
B0C.1,stage_b0c_b01_curriculum_v8_seed0,curriculum N_VALUES=8,eval,12000,8,"1,2,4,8",0.2713623046875,1.63740199431777,0.125,2.0794415416798357,,0.001,379.6956925392151,ok
B0C.1,stage_b0c_b01_curriculum_v8_seed0,curriculum N_VALUES=8,train,12100,1,"1,2,4,8",1.0,1.9763327145483345e-05,0.125,2.0794415416798357,0.00036255838517655175,0.001,382.5509467124939,ok
B0C.1,stage_b0c_b01_curriculum_v8_seed0,curriculum N_VALUES=8,train,12200,2,"1,2,4,8",1.0,0.00035361826303415,0.125,2.0794415416798357,0.004222167522676167,0.001,385.25956988334656,ok
B0C.1,stage_b0c_b01_curriculum_v8_seed0,curriculum N_VALUES=8,train,12300,2,"1,2,4,8",0.99609375,0.045320775359869,0.125,2.0794415416798357,0.10956636532114812,0.001,387.93067264556885,ok
B0C.1,stage_b0c_b01_curriculum_v8_seed0,curriculum N_VALUES=8,train,12400,1,"1,2,4,8",1.0,5.871947359992191e-05,0.125,2.0794415416798357,0.0006622145748425878,0.001,390.6054103374481,ok
B0C.1,stage_b0c_b01_curriculum_v8_seed0,curriculum N_VALUES=8,train,12500,1,"1,2,4,8",1.0,1.657357279327698e-05,0.125,2.0794415416798357,0.00030832550760499555,0.001,393.29742670059204,ok
B0C.1,stage_b0c_b01_curriculum_v8_seed0,curriculum N_VALUES=8,train,12600,4,"1,2,4,8",0.4296875,1.1741273403167725,0.125,2.0794415416798357,0.6930748735070511,0.001,396.00530672073364,ok
B0C.1,stage_b0c_b01_curriculum_v8_seed0,curriculum N_VALUES=8,train,12700,1,"1,2,4,8",1.0,2.842130015778821e-05,0.125,2.0794415416798357,0.0006055473028283614,0.001,398.5539357662201,ok
B0C.1,stage_b0c_b01_curriculum_v8_seed0,curriculum N_VALUES=8,train,12800,4,"1,2,4,8",0.42578125,1.120401382446289,0.125,2.0794415416798357,0.44896395780627907,0.001,401.3630814552307,ok
B0C.1,stage_b0c_b01_curriculum_v8_seed0,curriculum N_VALUES=8,train,12900,4,"1,2,4,8",0.39453125,1.1758366823196411,0.125,2.0794415416798357,0.639599511207956,0.001,404.04392766952515,ok
B0C.1,stage_b0c_b01_curriculum_v8_seed0,curriculum N_VALUES=8,train,13000,2,"1,2,4,8",1.0,0.00019205803982913494,0.125,2.0794415416798357,0.00155661038712353,0.001,406.75331711769104,ok
B0C.1,stage_b0c_b01_curriculum_v8_seed0,curriculum N_VALUES=8,eval,13000,1,"1,2,4,8",1.0,1.9136532102947967e-05,0.125,2.0794415416798357,,0.001,411.5082666873932,ok
B0C.1,stage_b0c_b01_curriculum_v8_seed0,curriculum N_VALUES=8,eval,13000,2,"1,2,4,8",0.999755859375,0.0005544682048821414,0.125,2.0794415416798357,,0.001,411.5082731246948,ok
B0C.1,stage_b0c_b01_curriculum_v8_seed0,curriculum N_VALUES=8,eval,13000,4,"1,2,4,8",0.415283203125,1.1502345576882362,0.125,2.0794415416798357,,0.001,411.50828075408936,ok
B0C.1,stage_b0c_b01_curriculum_v8_seed0,curriculum N_VALUES=8,eval,13000,8,"1,2,4,8",0.297119140625,1.6436118185520172,0.125,2.0794415416798357,,0.001,411.5082833766937,ok
B0C.1,stage_b0c_b01_curriculum_v8_seed0,curriculum N_VALUES=8,train,13100,1,"1,2,4,8",1.0,1.0464666047482751e-05,0.125,2.0794415416798357,0.0001135582281379262,0.001,414.4128613471985,ok
B0C.1,stage_b0c_b01_curriculum_v8_seed0,curriculum N_VALUES=8,train,13200,2,"1,2,4,8",1.0,0.0013085876125842333,0.125,2.0794415416798357,0.03814090610494846,0.001,417.1432640552521,ok
B0C.1,stage_b0c_b01_curriculum_v8_seed0,curriculum N_VALUES=8,train,13300,1,"1,2,4,8",1.0,1.5485358744626865e-05,0.125,2.0794415416798357,0.0001351861271514021,0.001,419.8468282222748,ok
B0C.1,stage_b0c_b01_curriculum_v8_seed0,curriculum N_VALUES=8,train,13400,8,"1,2,4,8",0.30078125,1.6149803400039673,0.125,2.0794415416798357,0.5466704706484331,0.001,422.58110070228577,ok
B0C.1,stage_b0c_b01_curriculum_v8_seed0,curriculum N_VALUES=8,train,13500,8,"1,2,4,8",0.2734375,1.6452481746673584,0.125,2.0794415416798357,0.7867834624402235,0.001,425.32029700279236,ok
B0C.1,stage_b0c_b01_curriculum_v8_seed0,curriculum N_VALUES=8,train,13600,8,"1,2,4,8",0.296875,1.636071801185608,0.125,2.0794415416798357,0.48792332687022427,0.001,428.0104160308838,ok
B0C.1,stage_b0c_b01_curriculum_v8_seed0,curriculum N_VALUES=8,train,13700,1,"1,2,4,8",1.0,1.2514991794887464e-05,0.125,2.0794415416798357,0.00014419320896915454,0.001,430.6963794231415,ok
B0C.1,stage_b0c_b01_curriculum_v8_seed0,curriculum N_VALUES=8,train,13800,8,"1,2,4,8",0.3125,1.6272125244140625,0.125,2.0794415416798357,2.780826168297879,0.001,433.3870003223419,ok
B0C.1,stage_b0c_b01_curriculum_v8_seed0,curriculum N_VALUES=8,train,13900,1,"1,2,4,8",1.0,5.369518021325348e-06,0.125,2.0794415416798357,5.6005267176229264e-05,0.001,436.0998077392578,ok
B0C.1,stage_b0c_b01_curriculum_v8_seed0,curriculum N_VALUES=8,train,14000,4,"1,2,4,8",0.4375,1.1074621677398682,0.125,2.0794415416798357,0.6242606795447251,0.001,438.93659949302673,ok
B0C.1,stage_b0c_b01_curriculum_v8_seed0,curriculum N_VALUES=8,eval,14000,1,"1,2,4,8",1.0,4.438600768708056e-06,0.125,2.0794415416798357,,0.001,443.8615744113922,ok
B0C.1,stage_b0c_b01_curriculum_v8_seed0,curriculum N_VALUES=8,eval,14000,2,"1,2,4,8",1.0,0.00012338390888544382,0.125,2.0794415416798357,,0.001,443.86158084869385,ok
B0C.1,stage_b0c_b01_curriculum_v8_seed0,curriculum N_VALUES=8,eval,14000,4,"1,2,4,8",0.408203125,1.1495359651744366,0.125,2.0794415416798357,,0.001,443.8615834712982,ok
B0C.1,stage_b0c_b01_curriculum_v8_seed0,curriculum N_VALUES=8,eval,14000,8,"1,2,4,8",0.29638671875,1.6300162188708782,0.125,2.0794415416798357,,0.001,443.8615860939026,ok
B0C.1,stage_b0c_b01_curriculum_v8_seed0,curriculum N_VALUES=8,train,14100,8,"1,2,4,8",0.34375,1.5586233139038086,0.125,2.0794415416798357,0.5827881400498159,0.001,446.59676241874695,ok
B0C.1,stage_b0c_b01_curriculum_v8_seed0,curriculum N_VALUES=8,train,14200,1,"1,2,4,8",1.0,2.6370362320449203e-06,0.125,2.0794415416798357,1.8617000576856184e-05,0.001,449.338579416275,ok
B0C.1,stage_b0c_b01_curriculum_v8_seed0,curriculum N_VALUES=8,train,14300,4,"1,2,4,8",0.48046875,1.1287630796432495,0.125,2.0794415416798357,0.6240682738986943,0.001,452.03831672668457,ok
B0C.1,stage_b0c_b01_curriculum_v8_seed0,curriculum N_VALUES=8,train,14400,1,"1,2,4,8",1.0,6.701259280816885e-06,0.125,2.0794415416798357,9.723516200143493e-05,0.001,454.7283704280853,ok
B0C.1,stage_b0c_b01_curriculum_v8_seed0,curriculum N_VALUES=8,train,14500,2,"1,2,4,8",1.0,0.000494106556288898,0.125,2.0794415416798357,0.012709144711272404,0.001,457.43608045578003,ok
B0C.1,stage_b0c_b01_curriculum_v8_seed0,curriculum N_VALUES=8,train,14600,2,"1,2,4,8",1.0,0.00013071585271973163,0.125,2.0794415416798357,0.0015974845776070793,0.001,460.1718454360962,ok
B0C.1,stage_b0c_b01_curriculum_v8_seed0,curriculum N_VALUES=8,train,14700,1,"1,2,4,8",1.0,2.63936249211838e-06,0.125,2.0794415416798357,1.811088819309249e-05,0.001,462.8649137020111,ok
B0C.1,stage_b0c_b01_curriculum_v8_seed0,curriculum N_VALUES=8,train,14800,8,"1,2,4,8",0.34765625,1.559907078742981,0.125,2.0794415416798357,0.5995979181396242,0.001,465.5210642814636,ok
B0C.1,stage_b0c_b01_curriculum_v8_seed0,curriculum N_VALUES=8,train,14900,2,"1,2,4,8",1.0,0.002618947997689247,0.125,2.0794415416798357,0.0957907539580042,0.001,468.2107367515564,ok
B0C.1,stage_b0c_b01_curriculum_v8_seed0,curriculum N_VALUES=8,train,15000,8,"1,2,4,8",0.26953125,1.6526362895965576,0.125,2.0794415416798357,0.8686651621639006,0.001,470.90765261650085,ok
B0C.1,stage_b0c_b01_curriculum_v8_seed0,curriculum N_VALUES=8,eval,15000,1,"1,2,4,8",1.0,5.728121422521326e-06,0.125,2.0794415416798357,,0.001,475.69268131256104,ok
B0C.1,stage_b0c_b01_curriculum_v8_seed0,curriculum N_VALUES=8,eval,15000,2,"1,2,4,8",0.9996337890625,0.004928909362661216,0.125,2.0794415416798357,,0.001,475.69268679618835,ok
B0C.1,stage_b0c_b01_curriculum_v8_seed0,curriculum N_VALUES=8,eval,15000,4,"1,2,4,8",0.419189453125,1.147052001208067,0.125,2.0794415416798357,,0.001,475.69269371032715,ok
B0C.1,stage_b0c_b01_curriculum_v8_seed0,curriculum N_VALUES=8,eval,15000,8,"1,2,4,8",0.292236328125,1.6339856050908566,0.125,2.0794415416798357,,0.001,475.69269585609436,ok
B0C.1,stage_b0c_b01_curriculum_v8_seed0,curriculum N_VALUES=8,train,15100,4,"1,2,4,8",0.41015625,1.1735901832580566,0.125,2.0794415416798357,0.5248975694355281,0.001,478.4156541824341,ok
B0C.1,stage_b0c_b01_curriculum_v8_seed0,curriculum N_VALUES=8,train,15200,4,"1,2,4,8",0.47265625,1.1022099256515503,0.125,2.0794415416798357,0.5521087947216841,0.001,481.1189184188843,ok
B0C.1,stage_b0c_b01_curriculum_v8_seed0,curriculum N_VALUES=8,train,15300,4,"1,2,4,8",0.3984375,1.1664389371871948,0.125,2.0794415416798357,0.4734523703615663,0.001,483.8109369277954,ok
B0C.1,stage_b0c_b01_curriculum_v8_seed0,curriculum N_VALUES=8,train,15400,1,"1,2,4,8",1.0,1.7947015294339508e-05,0.125,2.0794415416798357,0.00031100886894909745,0.001,486.49157309532166,ok
B0C.1,stage_b0c_b01_curriculum_v8_seed0,curriculum N_VALUES=8,train,15500,1,"1,2,4,8",1.0,6.942373147467151e-06,0.125,2.0794415416798357,7.763360981552333e-05,0.001,489.1568398475647,ok
B0C.1,stage_b0c_b01_curriculum_v8_seed0,curriculum N_VALUES=8,train,15600,2,"1,2,4,8",1.0,0.0004964382387697697,0.125,2.0794415416798357,0.032187583353930405,0.001,491.88875436782837,ok
B0C.1,stage_b0c_b01_curriculum_v8_seed0,curriculum N_VALUES=8,train,15700,2,"1,2,4,8",1.0,0.0050722346641123295,0.125,2.0794415416798357,0.06945617985761639,0.001,494.5662748813629,ok
B0C.1,stage_b0c_b01_curriculum_v8_seed0,curriculum N_VALUES=8,train,15800,4,"1,2,4,8",0.38671875,1.158058524131775,0.125,2.0794415416798357,0.6093785420810071,0.001,497.2788898944855,ok
B0C.1,stage_b0c_b01_curriculum_v8_seed0,curriculum N_VALUES=8,train,15900,1,"1,2,4,8",1.0,3.75715499103535e-05,0.125,2.0794415416798357,0.006362793641074663,0.001,499.9678781032562,ok
B0C.1,stage_b0c_b01_curriculum_v8_seed0,curriculum N_VALUES=8,train,16000,8,"1,2,4,8",0.30859375,1.5966497659683228,0.125,2.0794415416798357,0.5751847763440557,0.001,502.6052017211914,ok
B0C.1,stage_b0c_b01_curriculum_v8_seed0,curriculum N_VALUES=8,eval,16000,1,"1,2,4,8",1.0,1.253484393259896e-05,0.125,2.0794415416798357,,0.001,507.43818974494934,ok
B0C.1,stage_b0c_b01_curriculum_v8_seed0,curriculum N_VALUES=8,eval,16000,2,"1,2,4,8",0.9996337890625,0.0030321351614475134,0.125,2.0794415416798357,,0.001,507.43820118904114,ok
B0C.1,stage_b0c_b01_curriculum_v8_seed0,curriculum N_VALUES=8,eval,16000,4,"1,2,4,8",0.41650390625,1.1395073682069778,0.125,2.0794415416798357,,0.001,507.438205242157,ok
B0C.1,stage_b0c_b01_curriculum_v8_seed0,curriculum N_VALUES=8,eval,16000,8,"1,2,4,8",0.2955322265625,1.6356236599385738,0.125,2.0794415416798357,,0.001,507.43820691108704,ok
B0C.1,stage_b0c_b01_curriculum_v8_seed0,curriculum N_VALUES=8,train,16100,8,"1,2,4,8",0.3046875,1.5938079357147217,0.125,2.0794415416798357,0.49151565065041775,0.001,510.1508061885834,ok
B0C.1,stage_b0c_b01_curriculum_v8_seed0,curriculum N_VALUES=8,train,16200,2,"1,2,4,8",1.0,0.00023957216762937605,0.125,2.0794415416798357,0.009522978267928996,0.001,512.7779273986816,ok
B0C.1,stage_b0c_b01_curriculum_v8_seed0,curriculum N_VALUES=8,train,16300,4,"1,2,4,8",0.4140625,1.134596586227417,0.125,2.0794415416798357,0.8157607464946457,0.001,515.4646894931793,ok
B0C.1,stage_b0c_b01_curriculum_v8_seed0,curriculum N_VALUES=8,train,16400,1,"1,2,4,8",1.0,4.8269994294969365e-06,0.125,2.0794415416798357,5.268823049608152e-05,0.001,517.8988690376282,ok
B0C.1,stage_b0c_b01_curriculum_v8_seed0,curriculum N_VALUES=8,train,16500,8,"1,2,4,8",0.3359375,1.5474801063537598,0.125,2.0794415416798357,0.4821464691119458,0.001,520.6045742034912,ok
B0C.1,stage_b0c_b01_curriculum_v8_seed0,curriculum N_VALUES=8,train,16600,4,"1,2,4,8",0.359375,1.2061771154403687,0.125,2.0794415416798357,0.8669991823987926,0.001,523.250958442688,ok
B0C.1,stage_b0c_b01_curriculum_v8_seed0,curriculum N_VALUES=8,train,16700,4,"1,2,4,8",0.43359375,1.12372624874115,0.125,2.0794415416798357,0.6470057804847984,0.001,525.9183745384216,ok
B0C.1,stage_b0c_b01_curriculum_v8_seed0,curriculum N_VALUES=8,train,16800,1,"1,2,4,8",1.0,2.8380367439240217e-05,0.125,2.0794415416798357,0.00036978410842888963,0.001,528.6437990665436,ok
B0C.1,stage_b0c_b01_curriculum_v8_seed0,curriculum N_VALUES=8,train,16900,4,"1,2,4,8",0.4375,1.1217808723449707,0.125,2.0794415416798357,0.5892331487759455,0.001,531.3377401828766,ok
B0C.1,stage_b0c_b01_curriculum_v8_seed0,curriculum N_VALUES=8,train,17000,1,"1,2,4,8",1.0,6.2589006120106205e-06,0.125,2.0794415416798357,9.578328407857319e-05,0.001,534.024276971817,ok
B0C.1,stage_b0c_b01_curriculum_v8_seed0,curriculum N_VALUES=8,eval,17000,1,"1,2,4,8",1.0,6.94876139561984e-06,0.125,2.0794415416798357,,0.001,538.8299255371094,ok
B0C.1,stage_b0c_b01_curriculum_v8_seed0,curriculum N_VALUES=8,eval,17000,2,"1,2,4,8",0.9993896484375,0.0026509971439736546,0.125,2.0794415416798357,,0.001,538.8299310207367,ok
B0C.1,stage_b0c_b01_curriculum_v8_seed0,curriculum N_VALUES=8,eval,17000,4,"1,2,4,8",0.4466552734375,1.1195225454866886,0.125,2.0794415416798357,,0.001,538.829934835434,ok
B0C.1,stage_b0c_b01_curriculum_v8_seed0,curriculum N_VALUES=8,eval,17000,8,"1,2,4,8",0.29541015625,1.6273652948439121,0.125,2.0794415416798357,,0.001,538.8299379348755,ok
B0C.1,stage_b0c_b01_curriculum_v8_seed0,curriculum N_VALUES=8,train,17100,4,"1,2,4,8",0.4921875,1.0546995401382446,0.125,2.0794415416798357,1.03934195986874,0.001,541.7167403697968,ok
B0C.1,stage_b0c_b01_curriculum_v8_seed0,curriculum N_VALUES=8,train,17200,1,"1,2,4,8",1.0,5.52542724108207e-06,0.125,2.0794415416798357,9.208407181737398e-05,0.001,544.4297270774841,ok
B0C.1,stage_b0c_b01_curriculum_v8_seed0,curriculum N_VALUES=8,train,17300,8,"1,2,4,8",0.35546875,1.585924506187439,0.125,2.0794415416798357,0.42266449555598196,0.001,547.1669147014618,ok
B0C.1,stage_b0c_b01_curriculum_v8_seed0,curriculum N_VALUES=8,train,17400,8,"1,2,4,8",0.28515625,1.6419899463653564,0.125,2.0794415416798357,0.6251490502136718,0.001,549.8553972244263,ok
B0C.1,stage_b0c_b01_curriculum_v8_seed0,curriculum N_VALUES=8,train,17500,2,"1,2,4,8",1.0,0.0002721536729950458,0.125,2.0794415416798357,0.004197399030281012,0.001,552.5617525577545,ok
B0C.1,stage_b0c_b01_curriculum_v8_seed0,curriculum N_VALUES=8,train,17600,8,"1,2,4,8",0.27734375,1.6663305759429932,0.125,2.0794415416798357,1.001408733190955,0.001,555.317613363266,ok
B0C.1,stage_b0c_b01_curriculum_v8_seed0,curriculum N_VALUES=8,train,17700,1,"1,2,4,8",1.0,7.696333341300488e-06,0.125,2.0794415416798357,9.18608517539005e-05,0.001,558.0063526630402,ok
B0C.1,stage_b0c_b01_curriculum_v8_seed0,curriculum N_VALUES=8,train,17800,8,"1,2,4,8",0.30859375,1.637685775756836,0.125,2.0794415416798357,1.380915564719871,0.001,560.7154989242554,ok
B0C.1,stage_b0c_b01_curriculum_v8_seed0,curriculum N_VALUES=8,train,17900,8,"1,2,4,8",0.3125,1.56858229637146,0.125,2.0794415416798357,0.7099273681560708,0.001,563.4302053451538,ok
B0C.1,stage_b0c_b01_curriculum_v8_seed0,curriculum N_VALUES=8,train,18000,2,"1,2,4,8",1.0,0.0009745531133376062,0.125,2.0794415416798357,0.0184689679024514,0.001,566.1598994731903,ok
B0C.1,stage_b0c_b01_curriculum_v8_seed0,curriculum N_VALUES=8,eval,18000,1,"1,2,4,8",1.0,1.011559405128537e-05,0.125,2.0794415416798357,,0.001,571.3563129901886,ok
B0C.1,stage_b0c_b01_curriculum_v8_seed0,curriculum N_VALUES=8,eval,18000,2,"1,2,4,8",0.9991455078125,0.005530123109565466,0.125,2.0794415416798357,,0.001,571.3563208580017,ok
B0C.1,stage_b0c_b01_curriculum_v8_seed0,curriculum N_VALUES=8,eval,18000,4,"1,2,4,8",0.55810546875,0.9114268012344837,0.125,2.0794415416798357,,0.001,571.3563284873962,ok
B0C.1,stage_b0c_b01_curriculum_v8_seed0,curriculum N_VALUES=8,eval,18000,8,"1,2,4,8",0.3330078125,1.5932490788400173,0.125,2.0794415416798357,,0.001,571.3563320636749,ok
B0C.1,stage_b0c_b01_curriculum_v8_seed0,curriculum N_VALUES=8,train,18100,4,"1,2,4,8",0.55078125,0.8392416834831238,0.125,2.0794415416798357,0.9263208296379306,0.001,574.2193922996521,ok
B0C.1,stage_b0c_b01_curriculum_v8_seed0,curriculum N_VALUES=8,train,18200,2,"1,2,4,8",1.0,0.00047886179527267814,0.125,2.0794415416798357,0.010419936022975236,0.001,576.9295220375061,ok
B0C.1,stage_b0c_b01_curriculum_v8_seed0,curriculum N_VALUES=8,train,18300,4,"1,2,4,8",0.5546875,0.8787791728973389,0.125,2.0794415416798357,0.7210133556572447,0.001,579.6775631904602,ok
B0C.1,stage_b0c_b01_curriculum_v8_seed0,curriculum N_VALUES=8,train,18400,1,"1,2,4,8",1.0,2.1429698335850844e-06,0.125,2.0794415416798357,2.053833889367737e-05,0.001,582.3752114772797,ok
B0C.1,stage_b0c_b01_curriculum_v8_seed0,curriculum N_VALUES=8,train,18500,2,"1,2,4,8",1.0,0.0008608602220192552,0.125,2.0794415416798357,0.01563765153548101,0.001,585.0891778469086,ok
B0C.1,stage_b0c_b01_curriculum_v8_seed0,curriculum N_VALUES=8,train,18600,1,"1,2,4,8",1.0,2.4174170903279446e-05,0.125,2.0794415416798357,0.0003793944048450342,0.001,587.7991394996643,ok
B0C.1,stage_b0c_b01_curriculum_v8_seed0,curriculum N_VALUES=8,train,18700,1,"1,2,4,8",1.0,2.0952678823960014e-05,0.125,2.0794415416798357,0.00031398500991928525,0.001,590.5002624988556,ok
B0C.1,stage_b0c_b01_curriculum_v8_seed0,curriculum N_VALUES=8,train,18800,4,"1,2,4,8",0.59765625,0.8268500566482544,0.125,2.0794415416798357,0.8930891952479935,0.001,593.195392370224,ok
B0C.1,stage_b0c_b01_curriculum_v8_seed0,curriculum N_VALUES=8,train,18900,1,"1,2,4,8",1.0,2.193637192249298e-05,0.125,2.0794415416798357,0.00028607295762866783,0.001,595.9221124649048,ok
B0C.1,stage_b0c_b01_curriculum_v8_seed0,curriculum N_VALUES=8,train,19000,2,"1,2,4,8",1.0,0.004596646409481764,0.125,2.0794415416798357,0.3871169867003246,0.001,598.64746260643,ok
B0C.1,stage_b0c_b01_curriculum_v8_seed0,curriculum N_VALUES=8,eval,19000,1,"1,2,4,8",1.0,3.0478021756152884e-05,0.125,2.0794415416798357,,0.001,603.483722448349,ok
B0C.1,stage_b0c_b01_curriculum_v8_seed0,curriculum N_VALUES=8,eval,19000,2,"1,2,4,8",0.9993896484375,0.0031742882274556905,0.125,2.0794415416798357,,0.001,603.4837279319763,ok
B0C.1,stage_b0c_b01_curriculum_v8_seed0,curriculum N_VALUES=8,eval,19000,4,"1,2,4,8",0.5858154296875,0.7981976605951786,0.125,2.0794415416798357,,0.001,603.483731508255,ok
B0C.1,stage_b0c_b01_curriculum_v8_seed0,curriculum N_VALUES=8,eval,19000,8,"1,2,4,8",0.37646484375,1.4751819930970669,0.125,2.0794415416798357,,0.001,603.4837341308594,ok
B0C.1,stage_b0c_b01_curriculum_v8_seed0,curriculum N_VALUES=8,train,19100,8,"1,2,4,8",0.41796875,1.4449641704559326,0.125,2.0794415416798357,2.1748904235138813,0.001,606.379832983017,ok
B0C.1,stage_b0c_b01_curriculum_v8_seed0,curriculum N_VALUES=8,train,19200,8,"1,2,4,8",0.35546875,1.5067613124847412,0.125,2.0794415416798357,3.618009111619089,0.001,609.0766215324402,ok
B0C.1,stage_b0c_b01_curriculum_v8_seed0,curriculum N_VALUES=8,train,19300,4,"1,2,4,8",0.578125,0.8680555820465088,0.125,2.0794415416798357,0.8250470001463629,0.001,611.7646713256836,ok
B0C.1,stage_b0c_b01_curriculum_v8_seed0,curriculum N_VALUES=8,train,19400,8,"1,2,4,8",0.421875,1.4235200881958008,0.125,2.0794415416798357,2.2441138790831103,0.001,614.3987057209015,ok
B0C.1,stage_b0c_b01_curriculum_v8_seed0,curriculum N_VALUES=8,train,19500,8,"1,2,4,8",0.40625,1.4929602146148682,0.125,2.0794415416798357,1.3939165107516873,0.001,616.4960601329803,ok
B0C.1,stage_b0c_b01_curriculum_v8_seed0,curriculum N_VALUES=8,train,19600,4,"1,2,4,8",0.5859375,0.8443206548690796,0.125,2.0794415416798357,0.678130567421327,0.001,619.0536592006683,ok
B0C.1,stage_b0c_b01_curriculum_v8_seed0,curriculum N_VALUES=8,train,19700,4,"1,2,4,8",0.578125,0.7605025768280029,0.125,2.0794415416798357,0.5784730561038858,0.001,621.7101078033447,ok
B0C.1,stage_b0c_b01_curriculum_v8_seed0,curriculum N_VALUES=8,train,19800,4,"1,2,4,8",0.54296875,0.7761716246604919,0.125,2.0794415416798357,1.1635153092627784,0.001,624.4412319660187,ok
B0C.1,stage_b0c_b01_curriculum_v8_seed0,curriculum N_VALUES=8,train,19900,1,"1,2,4,8",1.0,2.246087387902662e-05,0.125,2.0794415416798357,0.0003510657951181568,0.001,627.1626296043396,ok
B0C.1,stage_b0c_b01_curriculum_v8_seed0,curriculum N_VALUES=8,train,20000,1,"1,2,4,8",1.0,1.087443160940893e-05,0.125,2.0794415416798357,0.00013933350329246264,0.001,629.8820290565491,ok
B0C.1,stage_b0c_b01_curriculum_v8_seed0,curriculum N_VALUES=8,eval,20000,1,"1,2,4,8",1.0,9.921645101940157e-06,0.125,2.0794415416798357,,0.001,634.6082863807678,ok
B0C.1,stage_b0c_b01_curriculum_v8_seed0,curriculum N_VALUES=8,eval,20000,2,"1,2,4,8",1.0,0.00023337233699294302,0.125,2.0794415416798357,,0.001,634.6082944869995,ok
B0C.1,stage_b0c_b01_curriculum_v8_seed0,curriculum N_VALUES=8,eval,20000,4,"1,2,4,8",0.588623046875,0.7836977690458298,0.125,2.0794415416798357,,0.001,634.6083028316498,ok
B0C.1,stage_b0c_b01_curriculum_v8_seed0,curriculum N_VALUES=8,eval,20000,8,"1,2,4,8",0.3883056640625,1.439343549311161,0.125,2.0794415416798357,,0.001,634.6083064079285,ok
B0C.1,stage_b0c_b01_curriculum_v8_seed0,curriculum N_VALUES=8,train,20100,1,"1,2,4,8",1.0,2.849507291102782e-05,0.125,2.0794415416798357,0.0004303213926031983,0.001,637.4729206562042,ok
B0C.1,stage_b0c_b01_curriculum_v8_seed0,curriculum N_VALUES=8,train,20200,1,"1,2,4,8",1.0,1.1775018720072694e-05,0.125,2.0794415416798357,0.00012733002677962554,0.001,640.1884083747864,ok
B0C.1,stage_b0c_b01_curriculum_v8_seed0,curriculum N_VALUES=8,train,20300,8,"1,2,4,8",0.4140625,1.3981740474700928,0.125,2.0794415416798357,1.0979951117903863,0.001,642.8428897857666,ok
B0C.1,stage_b0c_b01_curriculum_v8_seed0,curriculum N_VALUES=8,train,20400,8,"1,2,4,8",0.35546875,1.4648768901824951,0.125,2.0794415416798357,5.771329272895563,0.001,645.5549693107605,ok
B0C.1,stage_b0c_b01_curriculum_v8_seed0,curriculum N_VALUES=8,train,20500,4,"1,2,4,8",0.58203125,0.82961106300354,0.125,2.0794415416798357,1.3435363970806495,0.001,648.2142140865326,ok
B0C.1,stage_b0c_b01_curriculum_v8_seed0,curriculum N_VALUES=8,train,20600,8,"1,2,4,8",0.421875,1.374094843864441,0.125,2.0794415416798357,9.852982988682427,0.001,650.9045703411102,ok
B0C.1,stage_b0c_b01_curriculum_v8_seed0,curriculum N_VALUES=8,train,20700,1,"1,2,4,8",1.0,8.249063102994114e-05,0.125,2.0794415416798357,0.0013217780686489617,0.001,653.6254024505615,ok
B0C.1,stage_b0c_b01_curriculum_v8_seed0,curriculum N_VALUES=8,train,20800,1,"1,2,4,8",1.0,2.0309118553996086e-05,0.125,2.0794415416798357,0.00019399224634818356,0.001,656.3305807113647,ok
B0C.1,stage_b0c_b01_curriculum_v8_seed0,curriculum N_VALUES=8,train,20900,4,"1,2,4,8",0.58984375,0.7647206783294678,0.125,2.0794415416798357,0.8543212358195482,0.001,658.9894404411316,ok
B0C.1,stage_b0c_b01_curriculum_v8_seed0,curriculum N_VALUES=8,train,21000,4,"1,2,4,8",0.609375,0.7813763618469238,0.125,2.0794415416798357,3.0964864769618488,0.001,661.6727111339569,ok
B0C.1,stage_b0c_b01_curriculum_v8_seed0,curriculum N_VALUES=8,eval,21000,1,"1,2,4,8",1.0,1.2164712870799121e-05,0.125,2.0794415416798357,,0.001,666.3910195827484,ok
B0C.1,stage_b0c_b01_curriculum_v8_seed0,curriculum N_VALUES=8,eval,21000,2,"1,2,4,8",1.0,0.0008555349086236674,0.125,2.0794415416798357,,0.001,666.3910276889801,ok
B0C.1,stage_b0c_b01_curriculum_v8_seed0,curriculum N_VALUES=8,eval,21000,4,"1,2,4,8",0.58349609375,0.7799065429717302,0.125,2.0794415416798357,,0.001,666.3910329341888,ok
B0C.1,stage_b0c_b01_curriculum_v8_seed0,curriculum N_VALUES=8,eval,21000,8,"1,2,4,8",0.3848876953125,1.4168596528470516,0.125,2.0794415416798357,,0.001,666.391036272049,ok
B0C.1,stage_b0c_b01_curriculum_v8_seed0,curriculum N_VALUES=8,train,21100,4,"1,2,4,8",0.60546875,0.7159801721572876,0.125,2.0794415416798357,3.107671442734058,0.001,669.1731083393097,ok
B0C.1,stage_b0c_b01_curriculum_v8_seed0,curriculum N_VALUES=8,train,21200,1,"1,2,4,8",1.0,3.356486922712065e-05,0.125,2.0794415416798357,0.0009364957141741178,0.001,671.8506264686584,ok
B0C.1,stage_b0c_b01_curriculum_v8_seed0,curriculum N_VALUES=8,train,21300,4,"1,2,4,8",0.6015625,0.7365930080413818,0.125,2.0794415416798357,0.7947920801025345,0.001,674.5591790676117,ok
B0C.1,stage_b0c_b01_curriculum_v8_seed0,curriculum N_VALUES=8,train,21400,1,"1,2,4,8",1.0,5.2839684940408915e-05,0.125,2.0794415416798357,0.0006478819623492407,0.001,677.258486032486,ok
B0C.1,stage_b0c_b01_curriculum_v8_seed0,curriculum N_VALUES=8,train,21500,2,"1,2,4,8",1.0,0.00036785181146115065,0.125,2.0794415416798357,0.004079575116194268,0.001,679.9318034648895,ok
B0C.1,stage_b0c_b01_curriculum_v8_seed0,curriculum N_VALUES=8,train,21600,2,"1,2,4,8",1.0,0.00031503624632023275,0.125,2.0794415416798357,0.0035064838312514612,0.001,682.6354465484619,ok
B0C.1,stage_b0c_b01_curriculum_v8_seed0,curriculum N_VALUES=8,train,21700,4,"1,2,4,8",0.6328125,0.7488896250724792,0.125,2.0794415416798357,0.8448671811513723,0.001,685.3102705478668,ok
B0C.1,stage_b0c_b01_curriculum_v8_seed0,curriculum N_VALUES=8,train,21800,2,"1,2,4,8",1.0,0.00019297690596431494,0.125,2.0794415416798357,0.002124314863740014,0.001,688.0362372398376,ok
B0C.1,stage_b0c_b01_curriculum_v8_seed0,curriculum N_VALUES=8,train,21900,2,"1,2,4,8",1.0,0.00010128762369276956,0.125,2.0794415416798357,0.0009014412612055521,0.001,690.828742980957,ok
B0C.1,stage_b0c_b01_curriculum_v8_seed0,curriculum N_VALUES=8,train,22000,8,"1,2,4,8",0.40234375,1.3981730937957764,0.125,2.0794415416798357,1.1232877767648992,0.001,693.5924339294434,ok
B0C.1,stage_b0c_b01_curriculum_v8_seed0,curriculum N_VALUES=8,eval,22000,1,"1,2,4,8",1.0,1.1263069382039248e-05,0.125,2.0794415416798357,,0.001,699.6419596672058,ok
B0C.1,stage_b0c_b01_curriculum_v8_seed0,curriculum N_VALUES=8,eval,22000,2,"1,2,4,8",1.0,0.0002286392482346855,0.125,2.0794415416798357,,0.001,699.6419649124146,ok
B0C.1,stage_b0c_b01_curriculum_v8_seed0,curriculum N_VALUES=8,eval,22000,4,"1,2,4,8",0.59326171875,0.7388711385428905,0.125,2.0794415416798357,,0.001,699.6419687271118,ok
B0C.1,stage_b0c_b01_curriculum_v8_seed0,curriculum N_VALUES=8,eval,22000,8,"1,2,4,8",0.39404296875,1.4129557572305202,0.125,2.0794415416798357,,0.001,699.6419711112976,ok
B0C.1,stage_b0c_b01_curriculum_v8_seed0,curriculum N_VALUES=8,train,22100,1,"1,2,4,8",1.0,1.7110229237005115e-05,0.125,2.0794415416798357,0.00022289989405973248,0.001,702.4855103492737,ok
B0C.1,stage_b0c_b01_curriculum_v8_seed0,curriculum N_VALUES=8,train,22200,4,"1,2,4,8",0.59375,0.7379133105278015,0.125,2.0794415416798357,0.6710316997606609,0.001,705.1826298236847,ok
B0C.1,stage_b0c_b01_curriculum_v8_seed0,curriculum N_VALUES=8,train,22300,2,"1,2,4,8",1.0,6.31648363196291e-05,0.125,2.0794415416798357,0.00048262322087530763,0.001,707.8570170402527,ok
B0C.1,stage_b0c_b01_curriculum_v8_seed0,curriculum N_VALUES=8,train,22400,2,"1,2,4,8",1.0,0.0001271455839741975,0.125,2.0794415416798357,0.0013684341841589999,0.001,710.5393123626709,ok
B0C.1,stage_b0c_b01_curriculum_v8_seed0,curriculum N_VALUES=8,train,22500,8,"1,2,4,8",0.38671875,1.4220788478851318,0.125,2.0794415416798357,1.3753706989294427,0.001,713.277275800705,ok
B0C.1,stage_b0c_b01_curriculum_v8_seed0,curriculum N_VALUES=8,train,22600,2,"1,2,4,8",1.0,9.065164340427145e-05,0.125,2.0794415416798357,0.000895070741586259,0.001,715.9605553150177,ok
B0C.1,stage_b0c_b01_curriculum_v8_seed0,curriculum N_VALUES=8,train,22700,2,"1,2,4,8",1.0,0.00017145559831988066,0.125,2.0794415416798357,0.0023499890156563497,0.001,718.6527106761932,ok
B0C.1,stage_b0c_b01_curriculum_v8_seed0,curriculum N_VALUES=8,train,22800,2,"1,2,4,8",1.0,0.0017953711794689298,0.125,2.0794415416798357,0.023034809099815007,0.001,721.3592286109924,ok
B0C.1,stage_b0c_b01_curriculum_v8_seed0,curriculum N_VALUES=8,train,22900,1,"1,2,4,8",1.0,1.3990852494316641e-05,0.125,2.0794415416798357,0.00024409482791693505,0.001,723.973646402359,ok
B0C.1,stage_b0c_b01_curriculum_v8_seed0,curriculum N_VALUES=8,train,23000,1,"1,2,4,8",1.0,2.608911927381996e-05,0.125,2.0794415416798357,0.00043853733984053946,0.001,726.6803269386292,ok
B0C.1,stage_b0c_b01_curriculum_v8_seed0,curriculum N_VALUES=8,eval,23000,1,"1,2,4,8",1.0,2.7291505489301926e-05,0.125,2.0794415416798357,,0.001,731.5790767669678,ok
B0C.1,stage_b0c_b01_curriculum_v8_seed0,curriculum N_VALUES=8,eval,23000,2,"1,2,4,8",0.9998779296875,0.001458007528071903,0.125,2.0794415416798357,,0.001,731.5790824890137,ok
B0C.1,stage_b0c_b01_curriculum_v8_seed0,curriculum N_VALUES=8,eval,23000,4,"1,2,4,8",0.593017578125,0.7523903530091047,0.125,2.0794415416798357,,0.001,731.5790843963623,ok
B0C.1,stage_b0c_b01_curriculum_v8_seed0,curriculum N_VALUES=8,eval,23000,8,"1,2,4,8",0.38720703125,1.4183754324913025,0.125,2.0794415416798357,,0.001,731.5790863037109,ok
B0C.1,stage_b0c_b01_curriculum_v8_seed0,curriculum N_VALUES=8,train,23100,4,"1,2,4,8",0.62109375,0.7207893133163452,0.125,2.0794415416798357,3.3635531906291396,0.001,734.3589696884155,ok
B0C.1,stage_b0c_b01_curriculum_v8_seed0,curriculum N_VALUES=8,train,23200,2,"1,2,4,8",1.0,8.977035759016871e-05,0.125,2.0794415416798357,0.0009976513566586766,0.001,737.0688443183899,ok
B0C.1,stage_b0c_b01_curriculum_v8_seed0,curriculum N_VALUES=8,train,23300,2,"1,2,4,8",1.0,0.00035514432238414884,0.125,2.0794415416798357,0.005082384807194134,0.001,739.7828226089478,ok
B0C.1,stage_b0c_b01_curriculum_v8_seed0,curriculum N_VALUES=8,train,23400,8,"1,2,4,8",0.41796875,1.3951921463012695,0.125,2.0794415416798357,0.8852335165652955,0.001,742.5084760189056,ok
B0C.1,stage_b0c_b01_curriculum_v8_seed0,curriculum N_VALUES=8,train,23500,1,"1,2,4,8",1.0,1.6363868780899793e-05,0.125,2.0794415416798357,0.0008448931543904677,0.001,745.2021520137787,ok
B0C.1,stage_b0c_b01_curriculum_v8_seed0,curriculum N_VALUES=8,train,23600,2,"1,2,4,8",1.0,0.0002124062884831801,0.125,2.0794415416798357,0.0018524202077385076,0.001,747.8583371639252,ok
B0C.1,stage_b0c_b01_curriculum_v8_seed0,curriculum N_VALUES=8,train,23700,8,"1,2,4,8",0.42578125,1.3484355211257935,0.125,2.0794415416798357,0.500848156105939,0.001,750.559684753418,ok
B0C.1,stage_b0c_b01_curriculum_v8_seed0,curriculum N_VALUES=8,train,23800,2,"1,2,4,8",1.0,0.0002574971877038479,0.125,2.0794415416798357,0.0026412279990614142,0.001,753.2634251117706,ok
B0C.1,stage_b0c_b01_curriculum_v8_seed0,curriculum N_VALUES=8,train,23900,1,"1,2,4,8",1.0,6.595043487322982e-06,0.125,2.0794415416798357,8.013939581179027e-05,0.001,755.9483683109283,ok
B0C.1,stage_b0c_b01_curriculum_v8_seed0,curriculum N_VALUES=8,train,24000,4,"1,2,4,8",0.546875,0.7931702733039856,0.125,2.0794415416798357,0.6184643282945784,0.001,758.591837644577,ok
B0C.1,stage_b0c_b01_curriculum_v8_seed0,curriculum N_VALUES=8,eval,24000,1,"1,2,4,8",1.0,1.6055539276749187e-05,0.125,2.0794415416798357,,0.001,763.3456809520721,ok
B0C.1,stage_b0c_b01_curriculum_v8_seed0,curriculum N_VALUES=8,eval,24000,2,"1,2,4,8",1.0,0.0005527867065211467,0.125,2.0794415416798357,,0.001,763.3456871509552,ok
B0C.1,stage_b0c_b01_curriculum_v8_seed0,curriculum N_VALUES=8,eval,24000,4,"1,2,4,8",0.595947265625,0.736556077376008,0.125,2.0794415416798357,,0.001,763.3456945419312,ok
B0C.1,stage_b0c_b01_curriculum_v8_seed0,curriculum N_VALUES=8,eval,24000,8,"1,2,4,8",0.387939453125,1.4048472866415977,0.125,2.0794415416798357,,0.001,763.3456971645355,ok
B0C.1,stage_b0c_b01_curriculum_v8_seed0,curriculum N_VALUES=8,train,24100,8,"1,2,4,8",0.41015625,1.4316245317459106,0.125,2.0794415416798357,0.7465678939518944,0.001,766.1273639202118,ok
B0C.1,stage_b0c_b01_curriculum_v8_seed0,curriculum N_VALUES=8,train,24200,1,"1,2,4,8",1.0,7.949286373332143e-05,0.125,2.0794415416798357,0.004047189111904495,0.001,768.8304128646851,ok
B0C.1,stage_b0c_b01_curriculum_v8_seed0,curriculum N_VALUES=8,train,24300,4,"1,2,4,8",0.65234375,0.7016415596008301,0.125,2.0794415416798357,0.4496448869025466,0.001,771.5007660388947,ok
B0C.1,stage_b0c_b01_curriculum_v8_seed0,curriculum N_VALUES=8,train,24400,2,"1,2,4,8",1.0,7.511721923947334e-05,0.125,2.0794415416798357,0.0005454297738548349,0.001,774.2191841602325,ok
B0C.1,stage_b0c_b01_curriculum_v8_seed0,curriculum N_VALUES=8,train,24500,4,"1,2,4,8",0.59765625,0.7895512580871582,0.125,2.0794415416798357,4.4469195081776185,0.001,776.8838663101196,ok
B0C.1,stage_b0c_b01_curriculum_v8_seed0,curriculum N_VALUES=8,train,24600,8,"1,2,4,8",0.34375,1.468027949333191,0.125,2.0794415416798357,0.8082155443405078,0.001,779.5599822998047,ok
B0C.1,stage_b0c_b01_curriculum_v8_seed0,curriculum N_VALUES=8,train,24700,2,"1,2,4,8",1.0,0.00016010233957786113,0.125,2.0794415416798357,0.002092332778281239,0.001,782.2470026016235,ok
B0C.1,stage_b0c_b01_curriculum_v8_seed0,curriculum N_VALUES=8,train,24800,4,"1,2,4,8",0.51171875,0.8145074248313904,0.125,2.0794415416798357,0.4984696382461762,0.001,784.9434764385223,ok
B0C.1,stage_b0c_b01_curriculum_v8_seed0,curriculum N_VALUES=8,train,24900,2,"1,2,4,8",1.0,0.00013013747229706496,0.125,2.0794415416798357,0.003503989917443802,0.001,787.6344757080078,ok
B0C.1,stage_b0c_b01_curriculum_v8_seed0,curriculum N_VALUES=8,train,25000,2,"1,2,4,8",0.99609375,0.0775756910443306,0.125,2.0794415416798357,0.4662465744921411,0.001,790.3490698337555,ok
B0C.1,stage_b0c_b01_curriculum_v8_seed0,curriculum N_VALUES=8,eval,25000,1,"1,2,4,8",1.0,4.544085506097417e-06,0.125,2.0794415416798357,,0.001,795.0717673301697,ok
B0C.1,stage_b0c_b01_curriculum_v8_seed0,curriculum N_VALUES=8,eval,25000,2,"1,2,4,8",0.999755859375,0.0023404392510428806,0.125,2.0794415416798357,,0.001,795.0717720985413,ok
B0C.1,stage_b0c_b01_curriculum_v8_seed0,curriculum N_VALUES=8,eval,25000,4,"1,2,4,8",0.5899658203125,0.7389076910912991,0.125,2.0794415416798357,,0.001,795.071774482727,ok
B0C.1,stage_b0c_b01_curriculum_v8_seed0,curriculum N_VALUES=8,eval,25000,8,"1,2,4,8",0.3968505859375,1.3989257030189037,0.125,2.0794415416798357,,0.001,795.0717778205872,ok
B0C.1,stage_b0c_b01_curriculum_v8_seed0,curriculum N_VALUES=8,train,25100,8,"1,2,4,8",0.3828125,1.4310239553451538,0.125,2.0794415416798357,0.6399223417026859,0.001,797.8766105175018,ok
B0C.1,stage_b0c_b01_curriculum_v8_seed0,curriculum N_VALUES=8,train,25200,4,"1,2,4,8",0.6171875,0.7216594815254211,0.125,2.0794415416798357,1.631145188752787,0.001,800.5408887863159,ok
B0C.1,stage_b0c_b01_curriculum_v8_seed0,curriculum N_VALUES=8,train,25300,4,"1,2,4,8",0.59765625,0.7086915373802185,0.125,2.0794415416798357,0.5483958400556734,0.001,803.2311577796936,ok
B0C.1,stage_b0c_b01_curriculum_v8_seed0,curriculum N_VALUES=8,train,25400,4,"1,2,4,8",0.60546875,0.6753754615783691,0.125,2.0794415416798357,0.8875478715280821,0.001,805.9522409439087,ok
B0C.1,stage_b0c_b01_curriculum_v8_seed0,curriculum N_VALUES=8,train,25500,4,"1,2,4,8",0.578125,0.7358065843582153,0.125,2.0794415416798357,0.7821578136599595,0.001,808.6589894294739,ok
B0C.1,stage_b0c_b01_curriculum_v8_seed0,curriculum N_VALUES=8,train,25600,4,"1,2,4,8",0.6171875,0.6491963267326355,0.125,2.0794415416798357,0.51519583440909,0.001,811.3726196289062,ok
B0C.1,stage_b0c_b01_curriculum_v8_seed0,curriculum N_VALUES=8,train,25700,2,"1,2,4,8",1.0,5.9547117416514084e-05,0.125,2.0794415416798357,0.0005283471403774955,0.001,814.004236459732,ok
B0C.1,stage_b0c_b01_curriculum_v8_seed0,curriculum N_VALUES=8,train,25800,8,"1,2,4,8",0.48046875,1.3293654918670654,0.125,2.0794415416798357,0.5846425137424093,0.001,816.6871190071106,ok
B0C.1,stage_b0c_b01_curriculum_v8_seed0,curriculum N_VALUES=8,train,25900,2,"1,2,4,8",0.99609375,0.006464496720582247,0.125,2.0794415416798357,0.079668907195875,0.001,819.3700361251831,ok
B0C.1,stage_b0c_b01_curriculum_v8_seed0,curriculum N_VALUES=8,train,26000,4,"1,2,4,8",0.56640625,0.7565832734107971,0.125,2.0794415416798357,5.362811463443956,0.001,822.0349862575531,ok
B0C.1,stage_b0c_b01_curriculum_v8_seed0,curriculum N_VALUES=8,eval,26000,1,"1,2,4,8",1.0,1.1923212866804533e-05,0.125,2.0794415416798357,,0.001,826.7050495147705,ok
B0C.1,stage_b0c_b01_curriculum_v8_seed0,curriculum N_VALUES=8,eval,26000,2,"1,2,4,8",1.0,6.31180172376844e-05,0.125,2.0794415416798357,,0.001,826.7050602436066,ok
B0C.1,stage_b0c_b01_curriculum_v8_seed0,curriculum N_VALUES=8,eval,26000,4,"1,2,4,8",0.5972900390625,0.7253867015242577,0.125,2.0794415416798357,,0.001,826.7050642967224,ok
B0C.1,stage_b0c_b01_curriculum_v8_seed0,curriculum N_VALUES=8,eval,26000,8,"1,2,4,8",0.3804931640625,1.4362017773091793,0.125,2.0794415416798357,,0.001,826.7050669193268,ok
B0C.1,stage_b0c_b01_curriculum_v8_seed0,curriculum N_VALUES=8,train,26100,8,"1,2,4,8",0.40625,1.429891586303711,0.125,2.0794415416798357,0.7012606034317731,0.001,829.420161485672,ok
B0C.1,stage_b0c_b01_curriculum_v8_seed0,curriculum N_VALUES=8,train,26200,8,"1,2,4,8",0.46484375,1.32987380027771,0.125,2.0794415416798357,0.9070560851655053,0.001,832.135710477829,ok
B0C.1,stage_b0c_b01_curriculum_v8_seed0,curriculum N_VALUES=8,train,26300,4,"1,2,4,8",0.5703125,0.7470343112945557,0.125,2.0794415416798357,0.4812954278823697,0.001,834.8386046886444,ok
B0C.1,stage_b0c_b01_curriculum_v8_seed0,curriculum N_VALUES=8,train,26400,2,"1,2,4,8",1.0,0.00012720936501864344,0.125,2.0794415416798357,0.002373102970008003,0.001,837.5399017333984,ok
B0C.1,stage_b0c_b01_curriculum_v8_seed0,curriculum N_VALUES=8,train,26500,8,"1,2,4,8",0.38671875,1.377782940864563,0.125,2.0794415416798357,1.193963372773371,0.001,840.2639594078064,ok
B0C.1,stage_b0c_b01_curriculum_v8_seed0,curriculum N_VALUES=8,train,26600,8,"1,2,4,8",0.37109375,1.4385178089141846,0.125,2.0794415416798357,1.4977124126244163,0.001,842.9851794242859,ok
B0C.1,stage_b0c_b01_curriculum_v8_seed0,curriculum N_VALUES=8,train,26700,1,"1,2,4,8",1.0,6.68401025905041e-06,0.125,2.0794415416798357,5.2173650654426886e-05,0.001,845.697685956955,ok
B0C.1,stage_b0c_b01_curriculum_v8_seed0,curriculum N_VALUES=8,train,26800,2,"1,2,4,8",1.0,0.00019380297453608364,0.125,2.0794415416798357,0.001913281192727313,0.001,848.3955750465393,ok
B0C.1,stage_b0c_b01_curriculum_v8_seed0,curriculum N_VALUES=8,train,26900,4,"1,2,4,8",0.62890625,0.723497748374939,0.125,2.0794415416798357,0.6420902640757502,0.001,851.1198661327362,ok
B0C.1,stage_b0c_b01_curriculum_v8_seed0,curriculum N_VALUES=8,train,27000,8,"1,2,4,8",0.46875,1.37423574924469,0.125,2.0794415416798357,0.4038116032206541,0.001,853.8240096569061,ok
B0C.1,stage_b0c_b01_curriculum_v8_seed0,curriculum N_VALUES=8,eval,27000,1,"1,2,4,8",1.0,2.3653999221551203e-06,0.125,2.0794415416798357,,0.001,858.5528542995453,ok
B0C.1,stage_b0c_b01_curriculum_v8_seed0,curriculum N_VALUES=8,eval,27000,2,"1,2,4,8",0.999755859375,0.00041028847425650383,0.125,2.0794415416798357,,0.001,858.5528621673584,ok
B0C.1,stage_b0c_b01_curriculum_v8_seed0,curriculum N_VALUES=8,eval,27000,4,"1,2,4,8",0.5975341796875,0.7292800638824701,0.125,2.0794415416798357,,0.001,858.5528659820557,ok
B0C.1,stage_b0c_b01_curriculum_v8_seed0,curriculum N_VALUES=8,eval,27000,8,"1,2,4,8",0.3927001953125,1.3991695567965508,0.125,2.0794415416798357,,0.001,858.5528688430786,ok
B0C.1,stage_b0c_b01_curriculum_v8_seed0,curriculum N_VALUES=8,train,27100,1,"1,2,4,8",1.0,3.738301302291802e-06,0.125,2.0794415416798357,4.856967784106844e-05,0.001,861.415445804596,ok
B0C.1,stage_b0c_b01_curriculum_v8_seed0,curriculum N_VALUES=8,train,27200,2,"1,2,4,8",1.0,0.0002224018971901387,0.125,2.0794415416798357,0.0069254162074417844,0.001,864.1224234104156,ok
B0C.1,stage_b0c_b01_curriculum_v8_seed0,curriculum N_VALUES=8,train,27300,4,"1,2,4,8",0.60546875,0.7258066534996033,0.125,2.0794415416798357,0.4966420580448146,0.001,866.7794165611267,ok
B0C.1,stage_b0c_b01_curriculum_v8_seed0,curriculum N_VALUES=8,train,27400,2,"1,2,4,8",1.0,0.00016478514589834958,0.125,2.0794415416798357,0.0019019173090959588,0.001,869.4748740196228,ok
B0C.1,stage_b0c_b01_curriculum_v8_seed0,curriculum N_VALUES=8,train,27500,8,"1,2,4,8",0.4375,1.3436064720153809,0.125,2.0794415416798357,2.2626375949388393,0.001,872.1653037071228,ok
B0C.1,stage_b0c_b01_curriculum_v8_seed0,curriculum N_VALUES=8,train,27600,8,"1,2,4,8",0.4296875,1.3735038042068481,0.125,2.0794415416798357,0.43357984745492245,0.001,874.8376019001007,ok
B0C.1,stage_b0c_b01_curriculum_v8_seed0,curriculum N_VALUES=8,train,27700,8,"1,2,4,8",0.46484375,1.3510957956314087,0.125,2.0794415416798357,0.3855363282494767,0.001,877.5148251056671,ok
B0C.1,stage_b0c_b01_curriculum_v8_seed0,curriculum N_VALUES=8,train,27800,1,"1,2,4,8",1.0,1.662658542045392e-05,0.125,2.0794415416798357,0.00019995351879691274,0.001,880.1907713413239,ok
B0C.1,stage_b0c_b01_curriculum_v8_seed0,curriculum N_VALUES=8,train,27900,8,"1,2,4,8",0.37109375,1.3837661743164062,0.125,2.0794415416798357,15.121973948615825,0.001,882.8576717376709,ok
B0C.1,stage_b0c_b01_curriculum_v8_seed0,curriculum N_VALUES=8,train,28000,1,"1,2,4,8",1.0,6.476354428741615e-06,0.125,2.0794415416798357,9.828047686388639e-05,0.001,885.6058266162872,ok
B0C.1,stage_b0c_b01_curriculum_v8_seed0,curriculum N_VALUES=8,eval,28000,1,"1,2,4,8",1.0,7.487955855367545e-06,0.125,2.0794415416798357,,0.001,890.3170640468597,ok
B0C.1,stage_b0c_b01_curriculum_v8_seed0,curriculum N_VALUES=8,eval,28000,2,"1,2,4,8",1.0,7.925895255311843e-05,0.125,2.0794415416798357,,0.001,890.3170709609985,ok
B0C.1,stage_b0c_b01_curriculum_v8_seed0,curriculum N_VALUES=8,eval,28000,4,"1,2,4,8",0.597412109375,0.7240347322076559,0.125,2.0794415416798357,,0.001,890.3170747756958,ok
B0C.1,stage_b0c_b01_curriculum_v8_seed0,curriculum N_VALUES=8,eval,28000,8,"1,2,4,8",0.4002685546875,1.382109772413969,0.125,2.0794415416798357,,0.001,890.3170778751373,ok
B0C.1,stage_b0c_b01_curriculum_v8_seed0,curriculum N_VALUES=8,train,28100,4,"1,2,4,8",0.6328125,0.6810383796691895,0.125,2.0794415416798357,0.6656643567463622,0.001,893.1888723373413,ok
B0C.1,stage_b0c_b01_curriculum_v8_seed0,curriculum N_VALUES=8,train,28200,1,"1,2,4,8",1.0,1.9102442820440046e-05,0.125,2.0794415416798357,0.0002662193908415313,0.001,895.9221489429474,ok
B0C.1,stage_b0c_b01_curriculum_v8_seed0,curriculum N_VALUES=8,train,28300,4,"1,2,4,8",0.60546875,0.7159829139709473,0.125,2.0794415416798357,1.2966584645780548,0.001,898.6128342151642,ok
B0C.1,stage_b0c_b01_curriculum_v8_seed0,curriculum N_VALUES=8,train,28400,4,"1,2,4,8",0.65625,0.6547021269798279,0.125,2.0794415416798357,0.5957981578668883,0.001,901.274117231369,ok
B0C.1,stage_b0c_b01_curriculum_v8_seed0,curriculum N_VALUES=8,train,28500,1,"1,2,4,8",1.0,1.651561979088001e-05,0.125,2.0794415416798357,0.000255004671532445,0.001,903.9176256656647,ok
B0C.1,stage_b0c_b01_curriculum_v8_seed0,curriculum N_VALUES=8,train,28600,2,"1,2,4,8",0.99609375,0.008763719350099564,0.125,2.0794415416798357,0.2730719093793871,0.001,906.6031301021576,ok
B0C.1,stage_b0c_b01_curriculum_v8_seed0,curriculum N_VALUES=8,train,28700,1,"1,2,4,8",1.0,5.428652002592571e-06,0.125,2.0794415416798357,4.558347887069609e-05,0.001,909.2905607223511,ok
B0C.1,stage_b0c_b01_curriculum_v8_seed0,curriculum N_VALUES=8,train,28800,8,"1,2,4,8",0.41796875,1.3577088117599487,0.125,2.0794415416798357,0.43311844778528097,0.001,911.9688153266907,ok
B0C.1,stage_b0c_b01_curriculum_v8_seed0,curriculum N_VALUES=8,train,28900,8,"1,2,4,8",0.35546875,1.3875415325164795,0.125,2.0794415416798357,7.020421933131492,0.001,914.6346893310547,ok
B0C.1,stage_b0c_b01_curriculum_v8_seed0,curriculum N_VALUES=8,train,29000,4,"1,2,4,8",0.609375,0.7910526990890503,0.125,2.0794415416798357,1.5248166001642023,0.001,917.3238747119904,ok
B0C.1,stage_b0c_b01_curriculum_v8_seed0,curriculum N_VALUES=8,eval,29000,1,"1,2,4,8",1.0,2.016479285771311e-05,0.125,2.0794415416798357,,0.001,922.064578294754,ok
B0C.1,stage_b0c_b01_curriculum_v8_seed0,curriculum N_VALUES=8,eval,29000,2,"1,2,4,8",0.9991455078125,0.004382222173376249,0.125,2.0794415416798357,,0.001,922.06458568573,ok
B0C.1,stage_b0c_b01_curriculum_v8_seed0,curriculum N_VALUES=8,eval,29000,4,"1,2,4,8",0.5987548828125,0.7258573453873396,0.125,2.0794415416798357,,0.001,922.0645906925201,ok
B0C.1,stage_b0c_b01_curriculum_v8_seed0,curriculum N_VALUES=8,eval,29000,8,"1,2,4,8",0.4027099609375,1.384660992771387,0.125,2.0794415416798357,,0.001,922.0645930767059,ok
B0C.1,stage_b0c_b01_curriculum_v8_seed0,curriculum N_VALUES=8,train,29100,2,"1,2,4,8",1.0,9.848895570030436e-05,0.125,2.0794415416798357,0.0035313124802042193,0.001,924.8301150798798,ok
B0C.1,stage_b0c_b01_curriculum_v8_seed0,curriculum N_VALUES=8,train,29200,1,"1,2,4,8",1.0,1.9156490452587605e-05,0.125,2.0794415416798357,0.0002380055463117301,0.001,927.5031585693359,ok
B0C.1,stage_b0c_b01_curriculum_v8_seed0,curriculum N_VALUES=8,train,29300,8,"1,2,4,8",0.42578125,1.3280577659606934,0.125,2.0794415416798357,2.6878292112865805,0.001,930.1428875923157,ok
B0C.1,stage_b0c_b01_curriculum_v8_seed0,curriculum N_VALUES=8,train,29400,4,"1,2,4,8",0.58984375,0.7484954595565796,0.125,2.0794415416798357,1.102665338427127,0.001,932.8393642902374,ok
B0C.1,stage_b0c_b01_curriculum_v8_seed0,curriculum N_VALUES=8,train,29500,2,"1,2,4,8",1.0,0.0004730255459435284,0.125,2.0794415416798357,0.008581635911248043,0.001,935.5323286056519,ok
B0C.1,stage_b0c_b01_curriculum_v8_seed0,curriculum N_VALUES=8,train,29600,1,"1,2,4,8",1.0,7.201801054179668e-05,0.125,2.0794415416798357,0.0022853993091743107,0.001,938.215452671051,ok
B0C.1,stage_b0c_b01_curriculum_v8_seed0,curriculum N_VALUES=8,train,29700,4,"1,2,4,8",0.5859375,0.7486394047737122,0.125,2.0794415416798357,0.5320578440208799,0.001,940.8603181838989,ok
B0C.1,stage_b0c_b01_curriculum_v8_seed0,curriculum N_VALUES=8,train,29800,1,"1,2,4,8",1.0,8.783598605077714e-05,0.125,2.0794415416798357,0.0011064500348590923,0.001,943.5595273971558,ok
B0C.1,stage_b0c_b01_curriculum_v8_seed0,curriculum N_VALUES=8,train,29900,4,"1,2,4,8",0.61328125,0.7078154683113098,0.125,2.0794415416798357,0.5871781241816195,0.001,946.2259240150452,ok
B0C.1,stage_b0c_b01_curriculum_v8_seed0,curriculum N_VALUES=8,train,30000,8,"1,2,4,8",0.3828125,1.4504507780075073,0.125,2.0794415416798357,0.42427189496670165,0.001,948.88813996315,ok
B0C.1,stage_b0c_b01_curriculum_v8_seed0,curriculum N_VALUES=8,eval,30000,1,"1,2,4,8",1.0,6.199564751341313e-06,0.125,2.0794415416798357,,0.001,953.6417610645294,ok
B0C.1,stage_b0c_b01_curriculum_v8_seed0,curriculum N_VALUES=8,eval,30000,2,"1,2,4,8",1.0,4.804993466223095e-05,0.125,2.0794415416798357,,0.001,953.641767501831,ok
B0C.1,stage_b0c_b01_curriculum_v8_seed0,curriculum N_VALUES=8,eval,30000,4,"1,2,4,8",0.6070556640625,0.7053207010030746,0.125,2.0794415416798357,,0.001,953.6417706012726,ok
B0C.1,stage_b0c_b01_curriculum_v8_seed0,curriculum N_VALUES=8,eval,30000,8,"1,2,4,8",0.393798828125,1.3915619105100632,0.125,2.0794415416798357,,0.001,953.6417725086212,ok
